2026-08-04 19:41:04,684 INFO [MAIN] 
********************Pipeline Start********************


2026-08-04 19:41:04,684 INFO [MAIN] 
--------------------Dealer--------------------
2026-08-04 19:41:04,684 INFO [INGEST] Downloading from S3 | Bucket = raw-bucket-427763921511-ap-south-1-an | Object = dirty/dealer.csv
2026-08-04 19:41:05,181 INFO [INGEST] Download successful | Saved to /home/name04/Desktop/Anjaneya/02_Bootcamp/04_Python/Bootcamp_Python/05_ETL_Pipeline/Data/Source/dealer.csv
2026-08-04 19:41:05,182 INFO [INGEST] Creating hash | /home/name04/Desktop/Anjaneya/02_Bootcamp/04_Python/Bootcamp_Python/05_ETL_Pipeline/Data/Source/dealer.csv
2026-08-04 19:41:05,182 INFO [INGEST] Hash created successfullly
2026-08-04 19:41:05,183 INFO [INGEST] Initiating search in etl_audit
2026-08-04 19:41:05,183 INFO [INGEST] Connecting to Database
2026-08-04 19:41:05,201 INFO [INGEST] Connection Successful
2026-08-04 19:41:05,204 INFO [INGEST] File never processed
2026-08-04 19:41:05,204 INFO [INGEST] Reading csv file | /home/name04/Desktop/Anjaneya/02_Bootcamp/04_Python/Bootcamp_Python/05_ETL_Pipeline/Data/Source/dealer.csv
2026-08-04 19:41:05,205 INFO [INGEST] Read 80 rows successfullly
2026-08-04 19:41:05,206 INFO [TRANSFORM] Validating | dealer
2026-08-04 19:41:05,206 INFO [TRANSFORM] Validating | Row number: 1
2026-08-04 19:41:05,208 INFO [TRANSFORM] Validating | Row number: 2
2026-08-04 19:41:05,209 INFO [TRANSFORM] Validating | Row number: 3
2026-08-04 19:41:05,209 INFO [TRANSFORM] Validating | Row number: 4
2026-08-04 19:41:05,209 INFO [TRANSFORM] Validating | Row number: 5
2026-08-04 19:41:05,209 INFO [TRANSFORM] Validating | Row number: 6
2026-08-04 19:41:05,209 INFO [TRANSFORM] Validating | Row number: 7
2026-08-04 19:41:05,209 INFO [TRANSFORM] Validating | Row number: 8
2026-08-04 19:41:05,209 INFO [TRANSFORM] Validating | Row number: 9
2026-08-04 19:41:05,209 INFO [TRANSFORM] Validating | Row number: 10
2026-08-04 19:41:05,209 INFO [TRANSFORM] Validating | Row number: 11
2026-08-04 19:41:05,210 INFO [TRANSFORM] Validating | Row number: 12
2026-08-04 19:41:05,210 INFO [TRANSFORM] Validating | Row number: 13
2026-08-04 19:41:05,210 INFO [TRANSFORM] Validating | Row number: 14
2026-08-04 19:41:05,210 INFO [TRANSFORM] Validating | Row number: 15
2026-08-04 19:41:05,210 INFO [TRANSFORM] Validating | Row number: 16
2026-08-04 19:41:05,210 INFO [TRANSFORM] Validating | Row number: 17
2026-08-04 19:41:05,210 INFO [TRANSFORM] Validating | Row number: 18
2026-08-04 19:41:05,210 INFO [TRANSFORM] Validating | Row number: 19
2026-08-04 19:41:05,210 INFO [TRANSFORM] Validating | Row number: 20
2026-08-04 19:41:05,210 INFO [TRANSFORM] Validating | Row number: 21
2026-08-04 19:41:05,210 INFO [TRANSFORM] Validating | Row number: 22
2026-08-04 19:41:05,210 INFO [TRANSFORM] Validating | Row number: 23
2026-08-04 19:41:05,211 INFO [TRANSFORM] Validating | Row number: 24
2026-08-04 19:41:05,211 INFO [TRANSFORM] Validating | Row number: 25
2026-08-04 19:41:05,211 INFO [TRANSFORM] Validating | Row number: 26
2026-08-04 19:41:05,211 INFO [TRANSFORM] Validating | Row number: 27
2026-08-04 19:41:05,211 INFO [TRANSFORM] Validating | Row number: 28
2026-08-04 19:41:05,211 INFO [TRANSFORM] Validating | Row number: 29
2026-08-04 19:41:05,211 INFO [TRANSFORM] Validating | Row number: 30
2026-08-04 19:41:05,211 INFO [TRANSFORM] Validating | Row number: 31
2026-08-04 19:41:05,211 INFO [TRANSFORM] Validating | Row number: 32
2026-08-04 19:41:05,211 INFO [TRANSFORM] Validating | Row number: 33
2026-08-04 19:41:05,212 INFO [TRANSFORM] Validating | Row number: 34
2026-08-04 19:41:05,212 INFO [TRANSFORM] Validating | Row number: 35
2026-08-04 19:41:05,212 INFO [TRANSFORM] Validating | Row number: 36
2026-08-04 19:41:05,212 INFO [TRANSFORM] Validating | Row number: 37
2026-08-04 19:41:05,212 WARNING [TRANSFORM] [DATA ERROR] Missing required fields: ['dealer_name']
2026-08-04 19:41:05,212 INFO [TRANSFORM] Validating | Row number: 38
2026-08-04 19:41:05,212 INFO [TRANSFORM] Validating | Row number: 39
2026-08-04 19:41:05,212 INFO [TRANSFORM] Validating | Row number: 40
2026-08-04 19:41:05,212 INFO [TRANSFORM] Validating | Row number: 41
2026-08-04 19:41:05,212 INFO [TRANSFORM] Validating | Row number: 42
2026-08-04 19:41:05,213 INFO [TRANSFORM] Validating | Row number: 43
2026-08-04 19:41:05,213 INFO [TRANSFORM] Validating | Row number: 44
2026-08-04 19:41:05,213 INFO [TRANSFORM] Validating | Row number: 45
2026-08-04 19:41:05,213 INFO [TRANSFORM] Validating | Row number: 46
2026-08-04 19:41:05,213 INFO [TRANSFORM] Validating | Row number: 47
2026-08-04 19:41:05,213 INFO [TRANSFORM] Validating | Row number: 48
2026-08-04 19:41:05,213 INFO [TRANSFORM] Validating | Row number: 49
2026-08-04 19:41:05,213 INFO [TRANSFORM] Validating | Row number: 50
2026-08-04 19:41:05,213 INFO [TRANSFORM] Validating | Row number: 51
2026-08-04 19:41:05,213 INFO [TRANSFORM] Validating | Row number: 52
2026-08-04 19:41:05,213 INFO [TRANSFORM] Validating | Row number: 53
2026-08-04 19:41:05,214 INFO [TRANSFORM] Validating | Row number: 54
2026-08-04 19:41:05,214 INFO [TRANSFORM] Validating | Row number: 55
2026-08-04 19:41:05,214 INFO [TRANSFORM] Validating | Row number: 56
2026-08-04 19:41:05,214 INFO [TRANSFORM] Validating | Row number: 57
2026-08-04 19:41:05,214 INFO [TRANSFORM] Validating | Row number: 58
2026-08-04 19:41:05,214 INFO [TRANSFORM] Validating | Row number: 59
2026-08-04 19:41:05,214 INFO [TRANSFORM] Validating | Row number: 60
2026-08-04 19:41:05,214 INFO [TRANSFORM] Validating | Row number: 61
2026-08-04 19:41:05,214 INFO [TRANSFORM] Validating | Row number: 62
2026-08-04 19:41:05,214 INFO [TRANSFORM] Validating | Row number: 63
2026-08-04 19:41:05,214 INFO [TRANSFORM] Validating | Row number: 64
2026-08-04 19:41:05,214 INFO [TRANSFORM] Validating | Row number: 65
2026-08-04 19:41:05,215 INFO [TRANSFORM] Validating | Row number: 66
2026-08-04 19:41:05,215 INFO [TRANSFORM] Validating | Row number: 67
2026-08-04 19:41:05,215 INFO [TRANSFORM] Validating | Row number: 68
2026-08-04 19:41:05,215 INFO [TRANSFORM] Validating | Row number: 69
2026-08-04 19:41:05,215 INFO [TRANSFORM] Validating | Row number: 70
2026-08-04 19:41:05,215 INFO [TRANSFORM] Validating | Row number: 71
2026-08-04 19:41:05,215 INFO [TRANSFORM] Validating | Row number: 72
2026-08-04 19:41:05,215 INFO [TRANSFORM] Validating | Row number: 73
2026-08-04 19:41:05,215 INFO [TRANSFORM] Validating | Row number: 74
2026-08-04 19:41:05,215 INFO [TRANSFORM] Validating | Row number: 75
2026-08-04 19:41:05,215 INFO [TRANSFORM] Validating | Row number: 76
2026-08-04 19:41:05,216 INFO [TRANSFORM] Validating | Row number: 77
2026-08-04 19:41:05,216 INFO [TRANSFORM] Validating | Row number: 78
2026-08-04 19:41:05,216 INFO [TRANSFORM] Validating | Row number: 79
2026-08-04 19:41:05,216 INFO [TRANSFORM] Validating | Row number: 80
2026-08-04 19:41:05,216 INFO [TRANSFORM] Validation Complete | Total rows = 80 | Valid rows = 79 | Invalid rows = 1
2026-08-04 19:41:05,216 INFO [LOAD] Saving valid_dealer to local
2026-08-04 19:41:05,217 INFO [LOAD] Saved at /home/name04/Desktop/Anjaneya/02_Bootcamp/04_Python/Bootcamp_Python/05_ETL_Pipeline/Data/Processed/Clean/dealer.csv
2026-08-04 19:41:05,217 INFO [LOAD] Saving invalid_dealer to local
2026-08-04 19:41:05,217 INFO [LOAD] Saved at /home/name04/Desktop/Anjaneya/02_Bootcamp/04_Python/Bootcamp_Python/05_ETL_Pipeline/Data/Processed/Reject/dealer.csv
2026-08-04 19:41:05,217 INFO [LOAD] Saving validation summary for dealer
2026-08-04 19:41:05,218 INFO [LOAD] Saved to /home/name04/Desktop/Anjaneya/02_Bootcamp/04_Python/Bootcamp_Python/05_ETL_Pipeline/Data/Meta/dealer_validation_summary.json
2026-08-04 19:41:05,218 INFO [LOAD] Loading valid_dealer to database
2026-08-04 19:41:05,218 INFO [LOAD] Connecting to database
2026-08-04 19:41:05,239 INFO [LOAD] Connection successful
2026-08-04 19:41:05,239 INFO [LOAD] Batch 1.0 transaction begin
2026-08-04 19:41:05,264 INFO [LOAD] Transaction successful | Inserted 79 row(s)
2026-08-04 19:41:05,264 INFO [LOAD] Recording etl metadata | dealer.csv
2026-08-04 19:41:05,264 INFO [LOAD] Connecting to database
2026-08-04 19:41:05,282 INFO [LOAD] Connection successful
2026-08-04 19:41:05,294 INFO [LOAD] Record successful
2026-08-04 19:41:05,294 INFO [MAIN] [TIMER] Dealer ETL execution time summary |
                  Ingest Duration = 0.52 s
                  Transform Duration = 0.01 s
                  Load Duration = 0.08 s
2026-08-04 19:41:05,295 INFO [MAIN] 
--------------------Product--------------------
2026-08-04 19:41:05,295 INFO [INGEST] Downloading from S3 | Bucket = raw-bucket-427763921511-ap-south-1-an | Object = dirty/product.csv
2026-08-04 19:41:05,646 INFO [INGEST] Download successful | Saved to /home/name04/Desktop/Anjaneya/02_Bootcamp/04_Python/Bootcamp_Python/05_ETL_Pipeline/Data/Source/product.csv
2026-08-04 19:41:05,648 INFO [INGEST] Creating hash | /home/name04/Desktop/Anjaneya/02_Bootcamp/04_Python/Bootcamp_Python/05_ETL_Pipeline/Data/Source/product.csv
2026-08-04 19:41:05,649 INFO [INGEST] Hash created successfullly
2026-08-04 19:41:05,649 INFO [INGEST] Initiating search in etl_audit
2026-08-04 19:41:05,649 INFO [INGEST] Connecting to Database
2026-08-04 19:41:05,670 INFO [INGEST] Connection Successful
2026-08-04 19:41:05,671 INFO [INGEST] File never processed
2026-08-04 19:41:05,671 INFO [INGEST] Reading csv file | /home/name04/Desktop/Anjaneya/02_Bootcamp/04_Python/Bootcamp_Python/05_ETL_Pipeline/Data/Source/product.csv
2026-08-04 19:41:05,673 INFO [INGEST] Read 320 rows successfullly
2026-08-04 19:41:05,673 INFO [TRANSFORM] Validating | product
2026-08-04 19:41:05,673 INFO [TRANSFORM] Validating | Row number: 1
2026-08-04 19:41:05,673 INFO [TRANSFORM] Validating | Row number: 2
2026-08-04 19:41:05,674 INFO [TRANSFORM] Validating | Row number: 3
2026-08-04 19:41:05,674 INFO [TRANSFORM] Validating | Row number: 4
2026-08-04 19:41:05,674 INFO [TRANSFORM] Validating | Row number: 5
2026-08-04 19:41:05,674 INFO [TRANSFORM] Validating | Row number: 6
2026-08-04 19:41:05,674 INFO [TRANSFORM] Validating | Row number: 7
2026-08-04 19:41:05,675 INFO [TRANSFORM] Validating | Row number: 8
2026-08-04 19:41:05,675 INFO [TRANSFORM] Validating | Row number: 9
2026-08-04 19:41:05,675 INFO [TRANSFORM] Validating | Row number: 10
2026-08-04 19:41:05,675 INFO [TRANSFORM] Validating | Row number: 11
2026-08-04 19:41:05,675 INFO [TRANSFORM] Validating | Row number: 12
2026-08-04 19:41:05,676 INFO [TRANSFORM] Validating | Row number: 13
2026-08-04 19:41:05,676 INFO [TRANSFORM] Validating | Row number: 14
2026-08-04 19:41:05,676 INFO [TRANSFORM] Validating | Row number: 15
2026-08-04 19:41:05,676 INFO [TRANSFORM] Validating | Row number: 16
2026-08-04 19:41:05,676 INFO [TRANSFORM] Validating | Row number: 17
2026-08-04 19:41:05,676 INFO [TRANSFORM] Validating | Row number: 18
2026-08-04 19:41:05,676 INFO [TRANSFORM] Validating | Row number: 19
2026-08-04 19:41:05,677 INFO [TRANSFORM] Validating | Row number: 20
2026-08-04 19:41:05,677 INFO [TRANSFORM] Validating | Row number: 21
2026-08-04 19:41:05,677 INFO [TRANSFORM] Validating | Row number: 22
2026-08-04 19:41:05,677 INFO [TRANSFORM] Validating | Row number: 23
2026-08-04 19:41:05,678 INFO [TRANSFORM] Validating | Row number: 24
2026-08-04 19:41:05,678 INFO [TRANSFORM] Validating | Row number: 25
2026-08-04 19:41:05,678 INFO [TRANSFORM] Validating | Row number: 26
2026-08-04 19:41:05,678 INFO [TRANSFORM] Validating | Row number: 27
2026-08-04 19:41:05,679 WARNING [TRANSFORM] [DATA ERROR] Missing required fields: ['sku']
2026-08-04 19:41:05,679 INFO [TRANSFORM] Validating | Row number: 28
2026-08-04 19:41:05,679 INFO [TRANSFORM] Validating | Row number: 29
2026-08-04 19:41:05,679 INFO [TRANSFORM] Validating | Row number: 30
2026-08-04 19:41:05,679 INFO [TRANSFORM] Validating | Row number: 31
2026-08-04 19:41:05,680 INFO [TRANSFORM] Validating | Row number: 32
2026-08-04 19:41:05,680 INFO [TRANSFORM] Validating | Row number: 33
2026-08-04 19:41:05,680 INFO [TRANSFORM] Validating | Row number: 34
2026-08-04 19:41:05,680 INFO [TRANSFORM] Validating | Row number: 35
2026-08-04 19:41:05,680 INFO [TRANSFORM] Validating | Row number: 36
2026-08-04 19:41:05,680 INFO [TRANSFORM] Validating | Row number: 37
2026-08-04 19:41:05,680 INFO [TRANSFORM] Validating | Row number: 38
2026-08-04 19:41:05,680 INFO [TRANSFORM] Validating | Row number: 39
2026-08-04 19:41:05,681 INFO [TRANSFORM] Validating | Row number: 40
2026-08-04 19:41:05,681 INFO [TRANSFORM] Validating | Row number: 41
2026-08-04 19:41:05,681 INFO [TRANSFORM] Validating | Row number: 42
2026-08-04 19:41:05,681 INFO [TRANSFORM] Validating | Row number: 43
2026-08-04 19:41:05,681 INFO [TRANSFORM] Validating | Row number: 44
2026-08-04 19:41:05,681 INFO [TRANSFORM] Validating | Row number: 45
2026-08-04 19:41:05,681 INFO [TRANSFORM] Validating | Row number: 46
2026-08-04 19:41:05,681 INFO [TRANSFORM] Validating | Row number: 47
2026-08-04 19:41:05,681 INFO [TRANSFORM] Validating | Row number: 48
2026-08-04 19:41:05,681 INFO [TRANSFORM] Validating | Row number: 49
2026-08-04 19:41:05,681 INFO [TRANSFORM] Validating | Row number: 50
2026-08-04 19:41:05,681 WARNING [TRANSFORM] [DATA ERROR] Missing required fields: ['unit_price']
2026-08-04 19:41:05,681 INFO [TRANSFORM] Validating | Row number: 51
2026-08-04 19:41:05,682 INFO [TRANSFORM] Validating | Row number: 52
2026-08-04 19:41:05,682 INFO [TRANSFORM] Validating | Row number: 53
2026-08-04 19:41:05,682 INFO [TRANSFORM] Validating | Row number: 54
2026-08-04 19:41:05,682 INFO [TRANSFORM] Validating | Row number: 55
2026-08-04 19:41:05,682 INFO [TRANSFORM] Validating | Row number: 56
2026-08-04 19:41:05,682 INFO [TRANSFORM] Validating | Row number: 57
2026-08-04 19:41:05,682 INFO [TRANSFORM] Validating | Row number: 58
2026-08-04 19:41:05,682 INFO [TRANSFORM] Validating | Row number: 59
2026-08-04 19:41:05,682 INFO [TRANSFORM] Validating | Row number: 60
2026-08-04 19:41:05,682 INFO [TRANSFORM] Validating | Row number: 61
2026-08-04 19:41:05,682 INFO [TRANSFORM] Validating | Row number: 62
2026-08-04 19:41:05,682 INFO [TRANSFORM] Validating | Row number: 63
2026-08-04 19:41:05,683 INFO [TRANSFORM] Validating | Row number: 64
2026-08-04 19:41:05,683 INFO [TRANSFORM] Validating | Row number: 65
2026-08-04 19:41:05,683 INFO [TRANSFORM] Validating | Row number: 66
2026-08-04 19:41:05,683 INFO [TRANSFORM] Validating | Row number: 67
2026-08-04 19:41:05,683 INFO [TRANSFORM] Validating | Row number: 68
2026-08-04 19:41:05,683 INFO [TRANSFORM] Validating | Row number: 69
2026-08-04 19:41:05,683 INFO [TRANSFORM] Validating | Row number: 70
2026-08-04 19:41:05,683 INFO [TRANSFORM] Validating | Row number: 71
2026-08-04 19:41:05,683 INFO [TRANSFORM] Validating | Row number: 72
2026-08-04 19:41:05,683 INFO [TRANSFORM] Validating | Row number: 73
2026-08-04 19:41:05,683 INFO [TRANSFORM] Validating | Row number: 74
2026-08-04 19:41:05,683 INFO [TRANSFORM] Validating | Row number: 75
2026-08-04 19:41:05,684 INFO [TRANSFORM] Validating | Row number: 76
2026-08-04 19:41:05,684 INFO [TRANSFORM] Validating | Row number: 77
2026-08-04 19:41:05,684 WARNING [TRANSFORM] [DATA ERROR] Missing required fields: ['product_name']
2026-08-04 19:41:05,684 INFO [TRANSFORM] Validating | Row number: 78
2026-08-04 19:41:05,684 INFO [TRANSFORM] Validating | Row number: 79
2026-08-04 19:41:05,684 INFO [TRANSFORM] Validating | Row number: 80
2026-08-04 19:41:05,684 INFO [TRANSFORM] Validating | Row number: 81
2026-08-04 19:41:05,684 INFO [TRANSFORM] Validating | Row number: 82
2026-08-04 19:41:05,684 INFO [TRANSFORM] Validating | Row number: 83
2026-08-04 19:41:05,684 INFO [TRANSFORM] Validating | Row number: 84
2026-08-04 19:41:05,684 INFO [TRANSFORM] Validating | Row number: 85
2026-08-04 19:41:05,685 INFO [TRANSFORM] Validating | Row number: 86
2026-08-04 19:41:05,685 INFO [TRANSFORM] Validating | Row number: 87
2026-08-04 19:41:05,685 INFO [TRANSFORM] Validating | Row number: 88
2026-08-04 19:41:05,685 INFO [TRANSFORM] Validating | Row number: 89
2026-08-04 19:41:05,685 INFO [TRANSFORM] Validating | Row number: 90
2026-08-04 19:41:05,685 WARNING [TRANSFORM] [DATA ERROR] Missing required fields: ['unit_price']
2026-08-04 19:41:05,685 INFO [TRANSFORM] Validating | Row number: 91
2026-08-04 19:41:05,685 INFO [TRANSFORM] Validating | Row number: 92
2026-08-04 19:41:05,685 INFO [TRANSFORM] Validating | Row number: 93
2026-08-04 19:41:05,686 INFO [TRANSFORM] Validating | Row number: 94
2026-08-04 19:41:05,686 INFO [TRANSFORM] Validating | Row number: 95
2026-08-04 19:41:05,686 INFO [TRANSFORM] Validating | Row number: 96
2026-08-04 19:41:05,686 INFO [TRANSFORM] Validating | Row number: 97
2026-08-04 19:41:05,686 INFO [TRANSFORM] Validating | Row number: 98
2026-08-04 19:41:05,686 INFO [TRANSFORM] Validating | Row number: 99
2026-08-04 19:41:05,686 INFO [TRANSFORM] Validating | Row number: 100
2026-08-04 19:41:05,686 INFO [TRANSFORM] Validating | Row number: 101
2026-08-04 19:41:05,686 INFO [TRANSFORM] Validating | Row number: 102
2026-08-04 19:41:05,686 INFO [TRANSFORM] Validating | Row number: 103
2026-08-04 19:41:05,686 INFO [TRANSFORM] Validating | Row number: 104
2026-08-04 19:41:05,687 INFO [TRANSFORM] Validating | Row number: 105
2026-08-04 19:41:05,687 INFO [TRANSFORM] Validating | Row number: 106
2026-08-04 19:41:05,687 INFO [TRANSFORM] Validating | Row number: 107
2026-08-04 19:41:05,687 INFO [TRANSFORM] Validating | Row number: 108
2026-08-04 19:41:05,687 INFO [TRANSFORM] Validating | Row number: 109
2026-08-04 19:41:05,687 INFO [TRANSFORM] Validating | Row number: 110
2026-08-04 19:41:05,687 INFO [TRANSFORM] Validating | Row number: 111
2026-08-04 19:41:05,687 INFO [TRANSFORM] Validating | Row number: 112
2026-08-04 19:41:05,687 INFO [TRANSFORM] Validating | Row number: 113
2026-08-04 19:41:05,687 INFO [TRANSFORM] Validating | Row number: 114
2026-08-04 19:41:05,687 INFO [TRANSFORM] Validating | Row number: 115
2026-08-04 19:41:05,687 INFO [TRANSFORM] Validating | Row number: 116
2026-08-04 19:41:05,687 INFO [TRANSFORM] Validating | Row number: 117
2026-08-04 19:41:05,688 INFO [TRANSFORM] Validating | Row number: 118
2026-08-04 19:41:05,688 INFO [TRANSFORM] Validating | Row number: 119
2026-08-04 19:41:05,688 INFO [TRANSFORM] Validating | Row number: 120
2026-08-04 19:41:05,688 INFO [TRANSFORM] Validating | Row number: 121
2026-08-04 19:41:05,688 INFO [TRANSFORM] Validating | Row number: 122
2026-08-04 19:41:05,688 INFO [TRANSFORM] Validating | Row number: 123
2026-08-04 19:41:05,688 INFO [TRANSFORM] Validating | Row number: 124
2026-08-04 19:41:05,688 INFO [TRANSFORM] Validating | Row number: 125
2026-08-04 19:41:05,688 INFO [TRANSFORM] Validating | Row number: 126
2026-08-04 19:41:05,688 INFO [TRANSFORM] Validating | Row number: 127
2026-08-04 19:41:05,688 INFO [TRANSFORM] Validating | Row number: 128
2026-08-04 19:41:05,688 INFO [TRANSFORM] Validating | Row number: 129
2026-08-04 19:41:05,688 INFO [TRANSFORM] Validating | Row number: 130
2026-08-04 19:41:05,689 INFO [TRANSFORM] Validating | Row number: 131
2026-08-04 19:41:05,689 INFO [TRANSFORM] Validating | Row number: 132
2026-08-04 19:41:05,689 INFO [TRANSFORM] Validating | Row number: 133
2026-08-04 19:41:05,689 INFO [TRANSFORM] Validating | Row number: 134
2026-08-04 19:41:05,689 INFO [TRANSFORM] Validating | Row number: 135
2026-08-04 19:41:05,689 INFO [TRANSFORM] Validating | Row number: 136
2026-08-04 19:41:05,689 INFO [TRANSFORM] Validating | Row number: 137
2026-08-04 19:41:05,689 INFO [TRANSFORM] Validating | Row number: 138
2026-08-04 19:41:05,689 INFO [TRANSFORM] Validating | Row number: 139
2026-08-04 19:41:05,689 INFO [TRANSFORM] Validating | Row number: 140
2026-08-04 19:41:05,689 INFO [TRANSFORM] Validating | Row number: 141
2026-08-04 19:41:05,689 INFO [TRANSFORM] Validating | Row number: 142
2026-08-04 19:41:05,690 INFO [TRANSFORM] Validating | Row number: 143
2026-08-04 19:41:05,690 INFO [TRANSFORM] Validating | Row number: 144
2026-08-04 19:41:05,690 INFO [TRANSFORM] Validating | Row number: 145
2026-08-04 19:41:05,690 INFO [TRANSFORM] Validating | Row number: 146
2026-08-04 19:41:05,690 INFO [TRANSFORM] Validating | Row number: 147
2026-08-04 19:41:05,690 INFO [TRANSFORM] Validating | Row number: 148
2026-08-04 19:41:05,690 INFO [TRANSFORM] Validating | Row number: 149
2026-08-04 19:41:05,691 INFO [TRANSFORM] Validating | Row number: 150
2026-08-04 19:41:05,691 INFO [TRANSFORM] Validating | Row number: 151
2026-08-04 19:41:05,692 INFO [TRANSFORM] Validating | Row number: 152
2026-08-04 19:41:05,692 INFO [TRANSFORM] Validating | Row number: 153
2026-08-04 19:41:05,693 INFO [TRANSFORM] Validating | Row number: 154
2026-08-04 19:41:05,693 INFO [TRANSFORM] Validating | Row number: 155
2026-08-04 19:41:05,693 INFO [TRANSFORM] Validating | Row number: 156
2026-08-04 19:41:05,694 INFO [TRANSFORM] Validating | Row number: 157
2026-08-04 19:41:05,694 INFO [TRANSFORM] Validating | Row number: 158
2026-08-04 19:41:05,694 INFO [TRANSFORM] Validating | Row number: 159
2026-08-04 19:41:05,695 INFO [TRANSFORM] Validating | Row number: 160
2026-08-04 19:41:05,695 INFO [TRANSFORM] Validating | Row number: 161
2026-08-04 19:41:05,695 INFO [TRANSFORM] Validating | Row number: 162
2026-08-04 19:41:05,696 INFO [TRANSFORM] Validating | Row number: 163
2026-08-04 19:41:05,696 INFO [TRANSFORM] Validating | Row number: 164
2026-08-04 19:41:05,696 INFO [TRANSFORM] Validating | Row number: 165
2026-08-04 19:41:05,697 INFO [TRANSFORM] Validating | Row number: 166
2026-08-04 19:41:05,697 INFO [TRANSFORM] Validating | Row number: 167
2026-08-04 19:41:05,697 INFO [TRANSFORM] Validating | Row number: 168
2026-08-04 19:41:05,697 INFO [TRANSFORM] Validating | Row number: 169
2026-08-04 19:41:05,697 INFO [TRANSFORM] Validating | Row number: 170
2026-08-04 19:41:05,697 INFO [TRANSFORM] Validating | Row number: 171
2026-08-04 19:41:05,698 INFO [TRANSFORM] Validating | Row number: 172
2026-08-04 19:41:05,698 INFO [TRANSFORM] Validating | Row number: 173
2026-08-04 19:41:05,698 INFO [TRANSFORM] Validating | Row number: 174
2026-08-04 19:41:05,698 INFO [TRANSFORM] Validating | Row number: 175
2026-08-04 19:41:05,698 INFO [TRANSFORM] Validating | Row number: 176
2026-08-04 19:41:05,699 INFO [TRANSFORM] Validating | Row number: 177
2026-08-04 19:41:05,699 INFO [TRANSFORM] Validating | Row number: 178
2026-08-04 19:41:05,699 INFO [TRANSFORM] Validating | Row number: 179
2026-08-04 19:41:05,699 INFO [TRANSFORM] Validating | Row number: 180
2026-08-04 19:41:05,700 INFO [TRANSFORM] Validating | Row number: 181
2026-08-04 19:41:05,700 INFO [TRANSFORM] Validating | Row number: 182
2026-08-04 19:41:05,700 INFO [TRANSFORM] Validating | Row number: 183
2026-08-04 19:41:05,700 INFO [TRANSFORM] Validating | Row number: 184
2026-08-04 19:41:05,700 INFO [TRANSFORM] Validating | Row number: 185
2026-08-04 19:41:05,700 INFO [TRANSFORM] Validating | Row number: 186
2026-08-04 19:41:05,700 INFO [TRANSFORM] Validating | Row number: 187
2026-08-04 19:41:05,701 INFO [TRANSFORM] Validating | Row number: 188
2026-08-04 19:41:05,701 INFO [TRANSFORM] Validating | Row number: 189
2026-08-04 19:41:05,701 WARNING [TRANSFORM] [DATA ERROR] Missing required fields: ['sku']
2026-08-04 19:41:05,701 INFO [TRANSFORM] Validating | Row number: 190
2026-08-04 19:41:05,701 INFO [TRANSFORM] Validating | Row number: 191
2026-08-04 19:41:05,701 INFO [TRANSFORM] Validating | Row number: 192
2026-08-04 19:41:05,701 INFO [TRANSFORM] Validating | Row number: 193
2026-08-04 19:41:05,701 INFO [TRANSFORM] Validating | Row number: 194
2026-08-04 19:41:05,701 INFO [TRANSFORM] Validating | Row number: 195
2026-08-04 19:41:05,702 INFO [TRANSFORM] Validating | Row number: 196
2026-08-04 19:41:05,702 INFO [TRANSFORM] Validating | Row number: 197
2026-08-04 19:41:05,702 INFO [TRANSFORM] Validating | Row number: 198
2026-08-04 19:41:05,702 INFO [TRANSFORM] Validating | Row number: 199
2026-08-04 19:41:05,702 INFO [TRANSFORM] Validating | Row number: 200
2026-08-04 19:41:05,702 INFO [TRANSFORM] Validating | Row number: 201
2026-08-04 19:41:05,702 INFO [TRANSFORM] Validating | Row number: 202
2026-08-04 19:41:05,702 INFO [TRANSFORM] Validating | Row number: 203
2026-08-04 19:41:05,703 INFO [TRANSFORM] Validating | Row number: 204
2026-08-04 19:41:05,703 INFO [TRANSFORM] Validating | Row number: 205
2026-08-04 19:41:05,703 INFO [TRANSFORM] Validating | Row number: 206
2026-08-04 19:41:05,703 INFO [TRANSFORM] Validating | Row number: 207
2026-08-04 19:41:05,703 INFO [TRANSFORM] Validating | Row number: 208
2026-08-04 19:41:05,703 INFO [TRANSFORM] Validating | Row number: 209
2026-08-04 19:41:05,703 WARNING [TRANSFORM] [DATA ERROR] Bad type fields: ['unit_cost', 'unit_price']
2026-08-04 19:41:05,703 INFO [TRANSFORM] Validating | Row number: 210
2026-08-04 19:41:05,703 INFO [TRANSFORM] Validating | Row number: 211
2026-08-04 19:41:05,703 WARNING [TRANSFORM] [DATA ERROR] Missing required fields: ['unit_price']
2026-08-04 19:41:05,704 INFO [TRANSFORM] Validating | Row number: 212
2026-08-04 19:41:05,704 INFO [TRANSFORM] Validating | Row number: 213
2026-08-04 19:41:05,704 INFO [TRANSFORM] Validating | Row number: 214
2026-08-04 19:41:05,704 INFO [TRANSFORM] Validating | Row number: 215
2026-08-04 19:41:05,704 INFO [TRANSFORM] Validating | Row number: 216
2026-08-04 19:41:05,704 INFO [TRANSFORM] Validating | Row number: 217
2026-08-04 19:41:05,704 INFO [TRANSFORM] Validating | Row number: 218
2026-08-04 19:41:05,704 INFO [TRANSFORM] Validating | Row number: 219
2026-08-04 19:41:05,704 INFO [TRANSFORM] Validating | Row number: 220
2026-08-04 19:41:05,705 INFO [TRANSFORM] Validating | Row number: 221
2026-08-04 19:41:05,705 INFO [TRANSFORM] Validating | Row number: 222
2026-08-04 19:41:05,705 INFO [TRANSFORM] Validating | Row number: 223
2026-08-04 19:41:05,705 INFO [TRANSFORM] Validating | Row number: 224
2026-08-04 19:41:05,705 INFO [TRANSFORM] Validating | Row number: 225
2026-08-04 19:41:05,705 INFO [TRANSFORM] Validating | Row number: 226
2026-08-04 19:41:05,705 INFO [TRANSFORM] Validating | Row number: 227
2026-08-04 19:41:05,705 INFO [TRANSFORM] Validating | Row number: 228
2026-08-04 19:41:05,706 INFO [TRANSFORM] Validating | Row number: 229
2026-08-04 19:41:05,706 INFO [TRANSFORM] Validating | Row number: 230
2026-08-04 19:41:05,706 INFO [TRANSFORM] Validating | Row number: 231
2026-08-04 19:41:05,706 INFO [TRANSFORM] Validating | Row number: 232
2026-08-04 19:41:05,706 INFO [TRANSFORM] Validating | Row number: 233
2026-08-04 19:41:05,706 INFO [TRANSFORM] Validating | Row number: 234
2026-08-04 19:41:05,706 INFO [TRANSFORM] Validating | Row number: 235
2026-08-04 19:41:05,706 INFO [TRANSFORM] Validating | Row number: 236
2026-08-04 19:41:05,707 INFO [TRANSFORM] Validating | Row number: 237
2026-08-04 19:41:05,707 INFO [TRANSFORM] Validating | Row number: 238
2026-08-04 19:41:05,707 INFO [TRANSFORM] Validating | Row number: 239
2026-08-04 19:41:05,707 INFO [TRANSFORM] Validating | Row number: 240
2026-08-04 19:41:05,707 INFO [TRANSFORM] Validating | Row number: 241
2026-08-04 19:41:05,708 INFO [TRANSFORM] Validating | Row number: 242
2026-08-04 19:41:05,708 INFO [TRANSFORM] Validating | Row number: 243
2026-08-04 19:41:05,709 INFO [TRANSFORM] Validating | Row number: 244
2026-08-04 19:41:05,709 INFO [TRANSFORM] Validating | Row number: 245
2026-08-04 19:41:05,709 INFO [TRANSFORM] Validating | Row number: 246
2026-08-04 19:41:05,709 INFO [TRANSFORM] Validating | Row number: 247
2026-08-04 19:41:05,709 INFO [TRANSFORM] Validating | Row number: 248
2026-08-04 19:41:05,709 INFO [TRANSFORM] Validating | Row number: 249
2026-08-04 19:41:05,709 INFO [TRANSFORM] Validating | Row number: 250
2026-08-04 19:41:05,710 INFO [TRANSFORM] Validating | Row number: 251
2026-08-04 19:41:05,710 INFO [TRANSFORM] Validating | Row number: 252
2026-08-04 19:41:05,710 INFO [TRANSFORM] Validating | Row number: 253
2026-08-04 19:41:05,710 INFO [TRANSFORM] Validating | Row number: 254
2026-08-04 19:41:05,710 INFO [TRANSFORM] Validating | Row number: 255
2026-08-04 19:41:05,710 INFO [TRANSFORM] Validating | Row number: 256
2026-08-04 19:41:05,710 INFO [TRANSFORM] Validating | Row number: 257
2026-08-04 19:41:05,711 INFO [TRANSFORM] Validating | Row number: 258
2026-08-04 19:41:05,711 INFO [TRANSFORM] Validating | Row number: 259
2026-08-04 19:41:05,711 INFO [TRANSFORM] Validating | Row number: 260
2026-08-04 19:41:05,711 INFO [TRANSFORM] Validating | Row number: 261
2026-08-04 19:41:05,711 INFO [TRANSFORM] Validating | Row number: 262
2026-08-04 19:41:05,711 INFO [TRANSFORM] Validating | Row number: 263
2026-08-04 19:41:05,711 INFO [TRANSFORM] Validating | Row number: 264
2026-08-04 19:41:05,711 INFO [TRANSFORM] Validating | Row number: 265
2026-08-04 19:41:05,711 INFO [TRANSFORM] Validating | Row number: 266
2026-08-04 19:41:05,712 INFO [TRANSFORM] Validating | Row number: 267
2026-08-04 19:41:05,712 INFO [TRANSFORM] Validating | Row number: 268
2026-08-04 19:41:05,712 INFO [TRANSFORM] Validating | Row number: 269
2026-08-04 19:41:05,712 INFO [TRANSFORM] Validating | Row number: 270
2026-08-04 19:41:05,712 INFO [TRANSFORM] Validating | Row number: 271
2026-08-04 19:41:05,712 INFO [TRANSFORM] Validating | Row number: 272
2026-08-04 19:41:05,712 INFO [TRANSFORM] Validating | Row number: 273
2026-08-04 19:41:05,712 INFO [TRANSFORM] Validating | Row number: 274
2026-08-04 19:41:05,712 INFO [TRANSFORM] Validating | Row number: 275
2026-08-04 19:41:05,712 INFO [TRANSFORM] Validating | Row number: 276
2026-08-04 19:41:05,712 INFO [TRANSFORM] Validating | Row number: 277
2026-08-04 19:41:05,712 INFO [TRANSFORM] Validating | Row number: 278
2026-08-04 19:41:05,713 INFO [TRANSFORM] Validating | Row number: 279
2026-08-04 19:41:05,713 WARNING [TRANSFORM] [DATA ERROR] Missing required fields: ['unit_price']
2026-08-04 19:41:05,713 INFO [TRANSFORM] Validating | Row number: 280
2026-08-04 19:41:05,713 INFO [TRANSFORM] Validating | Row number: 281
2026-08-04 19:41:05,713 INFO [TRANSFORM] Validating | Row number: 282
2026-08-04 19:41:05,713 INFO [TRANSFORM] Validating | Row number: 283
2026-08-04 19:41:05,713 INFO [TRANSFORM] Validating | Row number: 284
2026-08-04 19:41:05,713 INFO [TRANSFORM] Validating | Row number: 285
2026-08-04 19:41:05,713 INFO [TRANSFORM] Validating | Row number: 286
2026-08-04 19:41:05,713 INFO [TRANSFORM] Validating | Row number: 287
2026-08-04 19:41:05,713 INFO [TRANSFORM] Validating | Row number: 288
2026-08-04 19:41:05,714 INFO [TRANSFORM] Validating | Row number: 289
2026-08-04 19:41:05,714 INFO [TRANSFORM] Validating | Row number: 290
2026-08-04 19:41:05,714 INFO [TRANSFORM] Validating | Row number: 291
2026-08-04 19:41:05,714 INFO [TRANSFORM] Validating | Row number: 292
2026-08-04 19:41:05,714 INFO [TRANSFORM] Validating | Row number: 293
2026-08-04 19:41:05,714 INFO [TRANSFORM] Validating | Row number: 294
2026-08-04 19:41:05,714 INFO [TRANSFORM] Validating | Row number: 295
2026-08-04 19:41:05,714 INFO [TRANSFORM] Validating | Row number: 296
2026-08-04 19:41:05,714 INFO [TRANSFORM] Validating | Row number: 297
2026-08-04 19:41:05,715 INFO [TRANSFORM] Validating | Row number: 298
2026-08-04 19:41:05,715 INFO [TRANSFORM] Validating | Row number: 299
2026-08-04 19:41:05,715 INFO [TRANSFORM] Validating | Row number: 300
2026-08-04 19:41:05,715 INFO [TRANSFORM] Validating | Row number: 301
2026-08-04 19:41:05,715 INFO [TRANSFORM] Validating | Row number: 302
2026-08-04 19:41:05,715 INFO [TRANSFORM] Validating | Row number: 303
2026-08-04 19:41:05,715 INFO [TRANSFORM] Validating | Row number: 304
2026-08-04 19:41:05,715 INFO [TRANSFORM] Validating | Row number: 305
2026-08-04 19:41:05,715 INFO [TRANSFORM] Validating | Row number: 306
2026-08-04 19:41:05,715 INFO [TRANSFORM] Validating | Row number: 307
2026-08-04 19:41:05,716 INFO [TRANSFORM] Validating | Row number: 308
2026-08-04 19:41:05,716 INFO [TRANSFORM] Validating | Row number: 309
2026-08-04 19:41:05,716 INFO [TRANSFORM] Validating | Row number: 310
2026-08-04 19:41:05,716 INFO [TRANSFORM] Validating | Row number: 311
2026-08-04 19:41:05,716 INFO [TRANSFORM] Validating | Row number: 312
2026-08-04 19:41:05,716 INFO [TRANSFORM] Validating | Row number: 313
2026-08-04 19:41:05,716 INFO [TRANSFORM] Validating | Row number: 314
2026-08-04 19:41:05,716 INFO [TRANSFORM] Validating | Row number: 315
2026-08-04 19:41:05,716 INFO [TRANSFORM] Validating | Row number: 316
2026-08-04 19:41:05,716 INFO [TRANSFORM] Validating | Row number: 317
2026-08-04 19:41:05,716 INFO [TRANSFORM] Validating | Row number: 318
2026-08-04 19:41:05,716 INFO [TRANSFORM] Validating | Row number: 319
2026-08-04 19:41:05,716 INFO [TRANSFORM] Validating | Row number: 320
2026-08-04 19:41:05,717 INFO [TRANSFORM] Validation Complete | Total rows = 320 | Valid rows = 312 | Invalid rows = 8
2026-08-04 19:41:05,717 INFO [LOAD] Saving valid_product to local
2026-08-04 19:41:05,719 INFO [LOAD] Saved at /home/name04/Desktop/Anjaneya/02_Bootcamp/04_Python/Bootcamp_Python/05_ETL_Pipeline/Data/Processed/Clean/product.csv
2026-08-04 19:41:05,719 INFO [LOAD] Saving invalid_product to local
2026-08-04 19:41:05,719 INFO [LOAD] Saved at /home/name04/Desktop/Anjaneya/02_Bootcamp/04_Python/Bootcamp_Python/05_ETL_Pipeline/Data/Processed/Reject/product.csv
2026-08-04 19:41:05,719 INFO [LOAD] Saving validation summary for product
2026-08-04 19:41:05,720 INFO [LOAD] Saved to /home/name04/Desktop/Anjaneya/02_Bootcamp/04_Python/Bootcamp_Python/05_ETL_Pipeline/Data/Meta/product_validation_summary.json
2026-08-04 19:41:05,720 INFO [LOAD] Loading valid_product to database
2026-08-04 19:41:05,720 INFO [LOAD] Connecting to database
2026-08-04 19:41:05,737 INFO [LOAD] Connection successful
2026-08-04 19:41:05,737 INFO [LOAD] Batch 1.0 transaction begin
2026-08-04 19:41:05,796 INFO [LOAD] Transaction successful | Inserted 312 row(s)
2026-08-04 19:41:05,796 INFO [LOAD] Recording etl metadata | product.csv
2026-08-04 19:41:05,796 INFO [LOAD] Connecting to database
2026-08-04 19:41:05,813 INFO [LOAD] Connection successful
2026-08-04 19:41:05,826 INFO [LOAD] Record successful
2026-08-04 19:41:05,827 INFO [MAIN] [TIMER] Product ETL execution time summary |
                  Ingest Duration = 0.38 s
                  Transform Duration = 0.04 s
                  Load Duration = 0.11 s
2026-08-04 19:41:05,827 INFO [MAIN] 
--------------------Inventory--------------------
2026-08-04 19:41:05,827 INFO [INGEST] Downloading from S3 | Bucket = raw-bucket-427763921511-ap-south-1-an | Object = dirty/inventory.csv
2026-08-04 19:41:06,262 INFO [INGEST] Download successful | Saved to /home/name04/Desktop/Anjaneya/02_Bootcamp/04_Python/Bootcamp_Python/05_ETL_Pipeline/Data/Source/inventory.cv
2026-08-04 19:41:06,264 INFO [INGEST] Creating hash | /home/name04/Desktop/Anjaneya/02_Bootcamp/04_Python/Bootcamp_Python/05_ETL_Pipeline/Data/Source/inventory.cv
2026-08-04 19:41:06,265 INFO [INGEST] Hash created successfullly
2026-08-04 19:41:06,265 INFO [INGEST] Initiating search in etl_audit
2026-08-04 19:41:06,265 INFO [INGEST] Connecting to Database
2026-08-04 19:41:06,282 INFO [INGEST] Connection Successful
2026-08-04 19:41:06,285 INFO [INGEST] File never processed
2026-08-04 19:41:06,285 INFO [INGEST] Reading csv file | /home/name04/Desktop/Anjaneya/02_Bootcamp/04_Python/Bootcamp_Python/05_ETL_Pipeline/Data/Source/inventory.cv
2026-08-04 19:41:06,288 INFO [INGEST] Read 900 rows successfullly
2026-08-04 19:41:06,288 INFO [TRANSFORM] Extracting values | File = dealer | Field = dealer_id
2026-08-04 19:41:06,288 INFO [TRANSFORM] Found 79 unique dealer_id(s)
2026-08-04 19:41:06,288 INFO [TRANSFORM] Extracting values | File = product | Field = product_id
2026-08-04 19:41:06,289 INFO [TRANSFORM] Found 312 unique product_id(s)
2026-08-04 19:41:06,289 INFO [TRANSFORM] Validating | inventory
2026-08-04 19:41:06,289 INFO [TRANSFORM] Validating | Row number: 1
2026-08-04 19:41:06,289 INFO [TRANSFORM] Validating | Row number: 2
2026-08-04 19:41:06,289 INFO [TRANSFORM] Validating | Row number: 3
2026-08-04 19:41:06,289 INFO [TRANSFORM] Validating | Row number: 4
2026-08-04 19:41:06,289 INFO [TRANSFORM] Validating | Row number: 5
2026-08-04 19:41:06,290 INFO [TRANSFORM] Validating | Row number: 6
2026-08-04 19:41:06,290 INFO [TRANSFORM] Validating | Row number: 7
2026-08-04 19:41:06,290 INFO [TRANSFORM] Validating | Row number: 8
2026-08-04 19:41:06,290 INFO [TRANSFORM] Validating | Row number: 9
2026-08-04 19:41:06,290 INFO [TRANSFORM] Validating | Row number: 10
2026-08-04 19:41:06,290 INFO [TRANSFORM] Validating | Row number: 11
2026-08-04 19:41:06,290 INFO [TRANSFORM] Validating | Row number: 12
2026-08-04 19:41:06,290 INFO [TRANSFORM] Validating | Row number: 13
2026-08-04 19:41:06,290 INFO [TRANSFORM] Validating | Row number: 14
2026-08-04 19:41:06,290 INFO [TRANSFORM] Validating | Row number: 15
2026-08-04 19:41:06,290 INFO [TRANSFORM] Validating | Row number: 16
2026-08-04 19:41:06,291 INFO [TRANSFORM] Validating | Row number: 17
2026-08-04 19:41:06,291 INFO [TRANSFORM] Validating | Row number: 18
2026-08-04 19:41:06,291 INFO [TRANSFORM] Validating | Row number: 19
2026-08-04 19:41:06,291 INFO [TRANSFORM] Validating | Row number: 20
2026-08-04 19:41:06,291 INFO [TRANSFORM] Validating | Row number: 21
2026-08-04 19:41:06,291 INFO [TRANSFORM] Validating | Row number: 22
2026-08-04 19:41:06,291 INFO [TRANSFORM] Validating | Row number: 23
2026-08-04 19:41:06,291 INFO [TRANSFORM] Validating | Row number: 24
2026-08-04 19:41:06,291 INFO [TRANSFORM] Validating | Row number: 25
2026-08-04 19:41:06,291 INFO [TRANSFORM] Validating | Row number: 26
2026-08-04 19:41:06,291 INFO [TRANSFORM] Validating | Row number: 27
2026-08-04 19:41:06,291 INFO [TRANSFORM] Validating | Row number: 28
2026-08-04 19:41:06,291 INFO [TRANSFORM] Validating | Row number: 29
2026-08-04 19:41:06,292 INFO [TRANSFORM] Validating | Row number: 30
2026-08-04 19:41:06,292 INFO [TRANSFORM] Validating | Row number: 31
2026-08-04 19:41:06,292 INFO [TRANSFORM] Validating | Row number: 32
2026-08-04 19:41:06,292 INFO [TRANSFORM] Validating | Row number: 33
2026-08-04 19:41:06,292 INFO [TRANSFORM] Validating | Row number: 34
2026-08-04 19:41:06,292 INFO [TRANSFORM] Validating | Row number: 35
2026-08-04 19:41:06,292 INFO [TRANSFORM] Validating | Row number: 36
2026-08-04 19:41:06,292 INFO [TRANSFORM] Validating | Row number: 37
2026-08-04 19:41:06,292 INFO [TRANSFORM] Validating | Row number: 38
2026-08-04 19:41:06,292 INFO [TRANSFORM] Validating | Row number: 39
2026-08-04 19:41:06,292 INFO [TRANSFORM] Validating | Row number: 40
2026-08-04 19:41:06,292 INFO [TRANSFORM] Validating | Row number: 41
2026-08-04 19:41:06,292 INFO [TRANSFORM] Validating | Row number: 42
2026-08-04 19:41:06,292 INFO [TRANSFORM] Validating | Row number: 43
2026-08-04 19:41:06,293 INFO [TRANSFORM] Validating | Row number: 44
2026-08-04 19:41:06,293 INFO [TRANSFORM] Validating | Row number: 45
2026-08-04 19:41:06,293 INFO [TRANSFORM] Validating | Row number: 46
2026-08-04 19:41:06,293 WARNING [TRANSFORM] [DATA ERROR] FK violating fields: ['product_id']
2026-08-04 19:41:06,293 INFO [TRANSFORM] Validating | Row number: 47
2026-08-04 19:41:06,293 INFO [TRANSFORM] Validating | Row number: 48
2026-08-04 19:41:06,293 INFO [TRANSFORM] Validating | Row number: 49
2026-08-04 19:41:06,293 INFO [TRANSFORM] Validating | Row number: 50
2026-08-04 19:41:06,294 INFO [TRANSFORM] Validating | Row number: 51
2026-08-04 19:41:06,294 INFO [TRANSFORM] Validating | Row number: 52
2026-08-04 19:41:06,294 INFO [TRANSFORM] Validating | Row number: 53
2026-08-04 19:41:06,294 INFO [TRANSFORM] Validating | Row number: 54
2026-08-04 19:41:06,294 INFO [TRANSFORM] Validating | Row number: 55
2026-08-04 19:41:06,294 INFO [TRANSFORM] Validating | Row number: 56
2026-08-04 19:41:06,294 INFO [TRANSFORM] Validating | Row number: 57
2026-08-04 19:41:06,294 INFO [TRANSFORM] Validating | Row number: 58
2026-08-04 19:41:06,295 WARNING [TRANSFORM] [DATA ERROR] FK violating fields: ['product_id']
2026-08-04 19:41:06,295 INFO [TRANSFORM] Validating | Row number: 59
2026-08-04 19:41:06,295 INFO [TRANSFORM] Validating | Row number: 60
2026-08-04 19:41:06,295 INFO [TRANSFORM] Validating | Row number: 61
2026-08-04 19:41:06,295 INFO [TRANSFORM] Validating | Row number: 62
2026-08-04 19:41:06,295 WARNING [TRANSFORM] [DATA ERROR] FK violating fields: ['product_id']
2026-08-04 19:41:06,295 INFO [TRANSFORM] Validating | Row number: 63
2026-08-04 19:41:06,295 INFO [TRANSFORM] Validating | Row number: 64
2026-08-04 19:41:06,295 INFO [TRANSFORM] Validating | Row number: 65
2026-08-04 19:41:06,295 INFO [TRANSFORM] Validating | Row number: 66
2026-08-04 19:41:06,295 INFO [TRANSFORM] Validating | Row number: 67
2026-08-04 19:41:06,295 INFO [TRANSFORM] Validating | Row number: 68
2026-08-04 19:41:06,296 INFO [TRANSFORM] Validating | Row number: 69
2026-08-04 19:41:06,296 INFO [TRANSFORM] Validating | Row number: 70
2026-08-04 19:41:06,296 INFO [TRANSFORM] Validating | Row number: 71
2026-08-04 19:41:06,296 INFO [TRANSFORM] Validating | Row number: 72
2026-08-04 19:41:06,296 WARNING [TRANSFORM] [DATA ERROR] Out of range fields: ['on_hand_qty']
2026-08-04 19:41:06,296 INFO [TRANSFORM] Validating | Row number: 73
2026-08-04 19:41:06,296 INFO [TRANSFORM] Validating | Row number: 74
2026-08-04 19:41:06,296 INFO [TRANSFORM] Validating | Row number: 75
2026-08-04 19:41:06,296 INFO [TRANSFORM] Validating | Row number: 76
2026-08-04 19:41:06,296 INFO [TRANSFORM] Validating | Row number: 77
2026-08-04 19:41:06,296 INFO [TRANSFORM] Validating | Row number: 78
2026-08-04 19:41:06,296 INFO [TRANSFORM] Validating | Row number: 79
2026-08-04 19:41:06,297 INFO [TRANSFORM] Validating | Row number: 80
2026-08-04 19:41:06,297 INFO [TRANSFORM] Validating | Row number: 81
2026-08-04 19:41:06,297 INFO [TRANSFORM] Validating | Row number: 82
2026-08-04 19:41:06,297 INFO [TRANSFORM] Validating | Row number: 83
2026-08-04 19:41:06,297 WARNING [TRANSFORM] [DATA ERROR] Bad type fields: ['snapshot_date']
2026-08-04 19:41:06,297 INFO [TRANSFORM] Validating | Row number: 84
2026-08-04 19:41:06,297 WARNING [TRANSFORM] [DATA ERROR] Out of range fields: ['on_hand_qty']
2026-08-04 19:41:06,297 INFO [TRANSFORM] Validating | Row number: 85
2026-08-04 19:41:06,297 WARNING [TRANSFORM] [DATA ERROR] Missing required fields: ['snapshot_date']
2026-08-04 19:41:06,297 INFO [TRANSFORM] Validating | Row number: 86
2026-08-04 19:41:06,297 INFO [TRANSFORM] Validating | Row number: 87
2026-08-04 19:41:06,297 INFO [TRANSFORM] Validating | Row number: 88
2026-08-04 19:41:06,297 INFO [TRANSFORM] Validating | Row number: 89
2026-08-04 19:41:06,298 INFO [TRANSFORM] Validating | Row number: 90
2026-08-04 19:41:06,298 INFO [TRANSFORM] Validating | Row number: 91
2026-08-04 19:41:06,298 INFO [TRANSFORM] Validating | Row number: 92
2026-08-04 19:41:06,298 INFO [TRANSFORM] Validating | Row number: 93
2026-08-04 19:41:06,298 WARNING [TRANSFORM] [DATA ERROR] Out of range fields: ['on_order_qty']
2026-08-04 19:41:06,298 INFO [TRANSFORM] Validating | Row number: 94
2026-08-04 19:41:06,298 INFO [TRANSFORM] Validating | Row number: 95
2026-08-04 19:41:06,298 WARNING [TRANSFORM] [DATA ERROR] Out of range fields: ['on_order_qty']
2026-08-04 19:41:06,298 INFO [TRANSFORM] Validating | Row number: 96
2026-08-04 19:41:06,298 INFO [TRANSFORM] Validating | Row number: 97
2026-08-04 19:41:06,298 INFO [TRANSFORM] Validating | Row number: 98
2026-08-04 19:41:06,298 INFO [TRANSFORM] Validating | Row number: 99
2026-08-04 19:41:06,298 INFO [TRANSFORM] Validating | Row number: 100
2026-08-04 19:41:06,298 INFO [TRANSFORM] Validating | Row number: 101
2026-08-04 19:41:06,299 INFO [TRANSFORM] Validating | Row number: 102
2026-08-04 19:41:06,299 WARNING [TRANSFORM] [DATA ERROR] Bad type fields: ['snapshot_date']
2026-08-04 19:41:06,299 INFO [TRANSFORM] Validating | Row number: 103
2026-08-04 19:41:06,299 INFO [TRANSFORM] Validating | Row number: 104
2026-08-04 19:41:06,299 WARNING [TRANSFORM] [DATA ERROR] Bad type fields: ['snapshot_date']
2026-08-04 19:41:06,299 INFO [TRANSFORM] Validating | Row number: 105
2026-08-04 19:41:06,299 INFO [TRANSFORM] Validating | Row number: 106
2026-08-04 19:41:06,299 INFO [TRANSFORM] Validating | Row number: 107
2026-08-04 19:41:06,299 INFO [TRANSFORM] Validating | Row number: 108
2026-08-04 19:41:06,299 INFO [TRANSFORM] Validating | Row number: 109
2026-08-04 19:41:06,299 INFO [TRANSFORM] Validating | Row number: 110
2026-08-04 19:41:06,299 INFO [TRANSFORM] Validating | Row number: 111
2026-08-04 19:41:06,299 INFO [TRANSFORM] Validating | Row number: 112
2026-08-04 19:41:06,299 INFO [TRANSFORM] Validating | Row number: 113
2026-08-04 19:41:06,300 INFO [TRANSFORM] Validating | Row number: 114
2026-08-04 19:41:06,300 INFO [TRANSFORM] Validating | Row number: 115
2026-08-04 19:41:06,300 INFO [TRANSFORM] Validating | Row number: 116
2026-08-04 19:41:06,300 WARNING [TRANSFORM] [DATA ERROR] FK violating fields: ['product_id']
2026-08-04 19:41:06,300 INFO [TRANSFORM] Validating | Row number: 117
2026-08-04 19:41:06,300 INFO [TRANSFORM] Validating | Row number: 118
2026-08-04 19:41:06,300 INFO [TRANSFORM] Validating | Row number: 119
2026-08-04 19:41:06,300 INFO [TRANSFORM] Validating | Row number: 120
2026-08-04 19:41:06,300 INFO [TRANSFORM] Validating | Row number: 121
2026-08-04 19:41:06,300 INFO [TRANSFORM] Validating | Row number: 122
2026-08-04 19:41:06,300 INFO [TRANSFORM] Validating | Row number: 123
2026-08-04 19:41:06,300 INFO [TRANSFORM] Validating | Row number: 124
2026-08-04 19:41:06,300 INFO [TRANSFORM] Validating | Row number: 125
2026-08-04 19:41:06,300 INFO [TRANSFORM] Validating | Row number: 126
2026-08-04 19:41:06,300 WARNING [TRANSFORM] [DATA ERROR] FK violating fields: ['product_id']
2026-08-04 19:41:06,301 INFO [TRANSFORM] Validating | Row number: 127
2026-08-04 19:41:06,301 INFO [TRANSFORM] Validating | Row number: 128
2026-08-04 19:41:06,301 INFO [TRANSFORM] Validating | Row number: 129
2026-08-04 19:41:06,301 INFO [TRANSFORM] Validating | Row number: 130
2026-08-04 19:41:06,301 INFO [TRANSFORM] Validating | Row number: 131
2026-08-04 19:41:06,301 INFO [TRANSFORM] Validating | Row number: 132
2026-08-04 19:41:06,301 INFO [TRANSFORM] Validating | Row number: 133
2026-08-04 19:41:06,301 INFO [TRANSFORM] Validating | Row number: 134
2026-08-04 19:41:06,301 INFO [TRANSFORM] Validating | Row number: 135
2026-08-04 19:41:06,301 INFO [TRANSFORM] Validating | Row number: 136
2026-08-04 19:41:06,301 INFO [TRANSFORM] Validating | Row number: 137
2026-08-04 19:41:06,301 INFO [TRANSFORM] Validating | Row number: 138
2026-08-04 19:41:06,301 INFO [TRANSFORM] Validating | Row number: 139
2026-08-04 19:41:06,301 INFO [TRANSFORM] Validating | Row number: 140
2026-08-04 19:41:06,301 INFO [TRANSFORM] Validating | Row number: 141
2026-08-04 19:41:06,302 INFO [TRANSFORM] Validating | Row number: 142
2026-08-04 19:41:06,302 INFO [TRANSFORM] Validating | Row number: 143
2026-08-04 19:41:06,302 INFO [TRANSFORM] Validating | Row number: 144
2026-08-04 19:41:06,302 INFO [TRANSFORM] Validating | Row number: 145
2026-08-04 19:41:06,302 INFO [TRANSFORM] Validating | Row number: 146
2026-08-04 19:41:06,302 INFO [TRANSFORM] Validating | Row number: 147
2026-08-04 19:41:06,302 INFO [TRANSFORM] Validating | Row number: 148
2026-08-04 19:41:06,302 INFO [TRANSFORM] Validating | Row number: 149
2026-08-04 19:41:06,302 INFO [TRANSFORM] Validating | Row number: 150
2026-08-04 19:41:06,302 INFO [TRANSFORM] Validating | Row number: 151
2026-08-04 19:41:06,302 INFO [TRANSFORM] Validating | Row number: 152
2026-08-04 19:41:06,302 INFO [TRANSFORM] Validating | Row number: 153
2026-08-04 19:41:06,302 INFO [TRANSFORM] Validating | Row number: 154
2026-08-04 19:41:06,303 INFO [TRANSFORM] Validating | Row number: 155
2026-08-04 19:41:06,303 INFO [TRANSFORM] Validating | Row number: 156
2026-08-04 19:41:06,303 INFO [TRANSFORM] Validating | Row number: 157
2026-08-04 19:41:06,303 INFO [TRANSFORM] Validating | Row number: 158
2026-08-04 19:41:06,303 INFO [TRANSFORM] Validating | Row number: 159
2026-08-04 19:41:06,303 INFO [TRANSFORM] Validating | Row number: 160
2026-08-04 19:41:06,303 INFO [TRANSFORM] Validating | Row number: 161
2026-08-04 19:41:06,303 INFO [TRANSFORM] Validating | Row number: 162
2026-08-04 19:41:06,303 INFO [TRANSFORM] Validating | Row number: 163
2026-08-04 19:41:06,303 INFO [TRANSFORM] Validating | Row number: 164
2026-08-04 19:41:06,303 INFO [TRANSFORM] Validating | Row number: 165
2026-08-04 19:41:06,303 INFO [TRANSFORM] Validating | Row number: 166
2026-08-04 19:41:06,304 INFO [TRANSFORM] Validating | Row number: 167
2026-08-04 19:41:06,304 WARNING [TRANSFORM] [DATA ERROR] Missing required fields: ['snapshot_date']
2026-08-04 19:41:06,304 INFO [TRANSFORM] Validating | Row number: 168
2026-08-04 19:41:06,304 INFO [TRANSFORM] Validating | Row number: 169
2026-08-04 19:41:06,304 INFO [TRANSFORM] Validating | Row number: 170
2026-08-04 19:41:06,304 INFO [TRANSFORM] Validating | Row number: 171
2026-08-04 19:41:06,304 INFO [TRANSFORM] Validating | Row number: 172
2026-08-04 19:41:06,304 INFO [TRANSFORM] Validating | Row number: 173
2026-08-04 19:41:06,304 INFO [TRANSFORM] Validating | Row number: 174
2026-08-04 19:41:06,304 INFO [TRANSFORM] Validating | Row number: 175
2026-08-04 19:41:06,304 INFO [TRANSFORM] Validating | Row number: 176
2026-08-04 19:41:06,304 INFO [TRANSFORM] Validating | Row number: 177
2026-08-04 19:41:06,304 INFO [TRANSFORM] Validating | Row number: 178
2026-08-04 19:41:06,305 INFO [TRANSFORM] Validating | Row number: 179
2026-08-04 19:41:06,305 INFO [TRANSFORM] Validating | Row number: 180
2026-08-04 19:41:06,305 INFO [TRANSFORM] Validating | Row number: 181
2026-08-04 19:41:06,305 INFO [TRANSFORM] Validating | Row number: 182
2026-08-04 19:41:06,305 INFO [TRANSFORM] Validating | Row number: 183
2026-08-04 19:41:06,305 INFO [TRANSFORM] Validating | Row number: 184
2026-08-04 19:41:06,305 INFO [TRANSFORM] Validating | Row number: 185
2026-08-04 19:41:06,305 INFO [TRANSFORM] Validating | Row number: 186
2026-08-04 19:41:06,305 INFO [TRANSFORM] Validating | Row number: 187
2026-08-04 19:41:06,305 INFO [TRANSFORM] Validating | Row number: 188
2026-08-04 19:41:06,305 INFO [TRANSFORM] Validating | Row number: 189
2026-08-04 19:41:06,306 INFO [TRANSFORM] Validating | Row number: 190
2026-08-04 19:41:06,306 INFO [TRANSFORM] Validating | Row number: 191
2026-08-04 19:41:06,306 INFO [TRANSFORM] Validating | Row number: 192
2026-08-04 19:41:06,306 INFO [TRANSFORM] Validating | Row number: 193
2026-08-04 19:41:06,306 INFO [TRANSFORM] Validating | Row number: 194
2026-08-04 19:41:06,306 INFO [TRANSFORM] Validating | Row number: 195
2026-08-04 19:41:06,306 INFO [TRANSFORM] Validating | Row number: 196
2026-08-04 19:41:06,306 INFO [TRANSFORM] Validating | Row number: 197
2026-08-04 19:41:06,306 INFO [TRANSFORM] Validating | Row number: 198
2026-08-04 19:41:06,306 INFO [TRANSFORM] Validating | Row number: 199
2026-08-04 19:41:06,306 INFO [TRANSFORM] Validating | Row number: 200
2026-08-04 19:41:06,307 INFO [TRANSFORM] Validating | Row number: 201
2026-08-04 19:41:06,307 INFO [TRANSFORM] Validating | Row number: 202
2026-08-04 19:41:06,307 INFO [TRANSFORM] Validating | Row number: 203
2026-08-04 19:41:06,307 WARNING [TRANSFORM] [DATA ERROR] FK violating fields: ['product_id']
2026-08-04 19:41:06,307 INFO [TRANSFORM] Validating | Row number: 204
2026-08-04 19:41:06,307 INFO [TRANSFORM] Validating | Row number: 205
2026-08-04 19:41:06,307 WARNING [TRANSFORM] [DATA ERROR] Bad type fields: ['on_hand_qty']
2026-08-04 19:41:06,307 INFO [TRANSFORM] Validating | Row number: 206
2026-08-04 19:41:06,307 INFO [TRANSFORM] Validating | Row number: 207
2026-08-04 19:41:06,307 INFO [TRANSFORM] Validating | Row number: 208
2026-08-04 19:41:06,307 INFO [TRANSFORM] Validating | Row number: 209
2026-08-04 19:41:06,307 INFO [TRANSFORM] Validating | Row number: 210
2026-08-04 19:41:06,308 INFO [TRANSFORM] Validating | Row number: 211
2026-08-04 19:41:06,308 INFO [TRANSFORM] Validating | Row number: 212
2026-08-04 19:41:06,308 INFO [TRANSFORM] Validating | Row number: 213
2026-08-04 19:41:06,308 INFO [TRANSFORM] Validating | Row number: 214
2026-08-04 19:41:06,308 INFO [TRANSFORM] Validating | Row number: 215
2026-08-04 19:41:06,308 INFO [TRANSFORM] Validating | Row number: 216
2026-08-04 19:41:06,308 INFO [TRANSFORM] Validating | Row number: 217
2026-08-04 19:41:06,308 INFO [TRANSFORM] Validating | Row number: 218
2026-08-04 19:41:06,309 WARNING [TRANSFORM] [DATA ERROR] Out of range fields: ['on_order_qty']
2026-08-04 19:41:06,309 INFO [TRANSFORM] Validating | Row number: 219
2026-08-04 19:41:06,309 INFO [TRANSFORM] Validating | Row number: 220
2026-08-04 19:41:06,309 INFO [TRANSFORM] Validating | Row number: 221
2026-08-04 19:41:06,309 INFO [TRANSFORM] Validating | Row number: 222
2026-08-04 19:41:06,309 INFO [TRANSFORM] Validating | Row number: 223
2026-08-04 19:41:06,309 INFO [TRANSFORM] Validating | Row number: 224
2026-08-04 19:41:06,309 INFO [TRANSFORM] Validating | Row number: 225
2026-08-04 19:41:06,309 INFO [TRANSFORM] Validating | Row number: 226
2026-08-04 19:41:06,309 INFO [TRANSFORM] Validating | Row number: 227
2026-08-04 19:41:06,310 INFO [TRANSFORM] Validating | Row number: 228
2026-08-04 19:41:06,310 INFO [TRANSFORM] Validating | Row number: 229
2026-08-04 19:41:06,310 WARNING [TRANSFORM] [DATA ERROR] Bad type fields: ['snapshot_date']
2026-08-04 19:41:06,310 INFO [TRANSFORM] Validating | Row number: 230
2026-08-04 19:41:06,310 INFO [TRANSFORM] Validating | Row number: 231
2026-08-04 19:41:06,310 INFO [TRANSFORM] Validating | Row number: 232
2026-08-04 19:41:06,310 INFO [TRANSFORM] Validating | Row number: 233
2026-08-04 19:41:06,310 INFO [TRANSFORM] Validating | Row number: 234
2026-08-04 19:41:06,310 INFO [TRANSFORM] Validating | Row number: 235
2026-08-04 19:41:06,310 WARNING [TRANSFORM] [DATA ERROR] Missing required fields: ['snapshot_date']
2026-08-04 19:41:06,310 INFO [TRANSFORM] Validating | Row number: 236
2026-08-04 19:41:06,310 INFO [TRANSFORM] Validating | Row number: 237
2026-08-04 19:41:06,310 INFO [TRANSFORM] Validating | Row number: 238
2026-08-04 19:41:06,311 INFO [TRANSFORM] Validating | Row number: 239
2026-08-04 19:41:06,311 WARNING [TRANSFORM] [DATA ERROR] FK violating fields: ['product_id']
2026-08-04 19:41:06,311 INFO [TRANSFORM] Validating | Row number: 240
2026-08-04 19:41:06,311 INFO [TRANSFORM] Validating | Row number: 241
2026-08-04 19:41:06,311 WARNING [TRANSFORM] [DATA ERROR] Bad type fields: ['snapshot_date']
2026-08-04 19:41:06,311 INFO [TRANSFORM] Validating | Row number: 242
2026-08-04 19:41:06,311 INFO [TRANSFORM] Validating | Row number: 243
2026-08-04 19:41:06,311 INFO [TRANSFORM] Validating | Row number: 244
2026-08-04 19:41:06,311 WARNING [TRANSFORM] [DATA ERROR] Missing required fields: ['snapshot_date']
2026-08-04 19:41:06,311 INFO [TRANSFORM] Validating | Row number: 245
2026-08-04 19:41:06,311 INFO [TRANSFORM] Validating | Row number: 246
2026-08-04 19:41:06,311 INFO [TRANSFORM] Validating | Row number: 247
2026-08-04 19:41:06,311 INFO [TRANSFORM] Validating | Row number: 248
2026-08-04 19:41:06,311 INFO [TRANSFORM] Validating | Row number: 249
2026-08-04 19:41:06,311 INFO [TRANSFORM] Validating | Row number: 250
2026-08-04 19:41:06,312 INFO [TRANSFORM] Validating | Row number: 251
2026-08-04 19:41:06,312 INFO [TRANSFORM] Validating | Row number: 252
2026-08-04 19:41:06,312 INFO [TRANSFORM] Validating | Row number: 253
2026-08-04 19:41:06,312 INFO [TRANSFORM] Validating | Row number: 254
2026-08-04 19:41:06,312 INFO [TRANSFORM] Validating | Row number: 255
2026-08-04 19:41:06,312 INFO [TRANSFORM] Validating | Row number: 256
2026-08-04 19:41:06,312 INFO [TRANSFORM] Validating | Row number: 257
2026-08-04 19:41:06,312 INFO [TRANSFORM] Validating | Row number: 258
2026-08-04 19:41:06,312 INFO [TRANSFORM] Validating | Row number: 259
2026-08-04 19:41:06,312 INFO [TRANSFORM] Validating | Row number: 260
2026-08-04 19:41:06,312 INFO [TRANSFORM] Validating | Row number: 261
2026-08-04 19:41:06,312 INFO [TRANSFORM] Validating | Row number: 262
2026-08-04 19:41:06,312 WARNING [TRANSFORM] [DATA ERROR] Out of range fields: ['on_order_qty']
2026-08-04 19:41:06,313 INFO [TRANSFORM] Validating | Row number: 263
2026-08-04 19:41:06,313 INFO [TRANSFORM] Validating | Row number: 264
2026-08-04 19:41:06,313 INFO [TRANSFORM] Validating | Row number: 265
2026-08-04 19:41:06,313 INFO [TRANSFORM] Validating | Row number: 266
2026-08-04 19:41:06,313 INFO [TRANSFORM] Validating | Row number: 267
2026-08-04 19:41:06,313 INFO [TRANSFORM] Validating | Row number: 268
2026-08-04 19:41:06,313 INFO [TRANSFORM] Validating | Row number: 269
2026-08-04 19:41:06,313 INFO [TRANSFORM] Validating | Row number: 270
2026-08-04 19:41:06,313 INFO [TRANSFORM] Validating | Row number: 271
2026-08-04 19:41:06,313 INFO [TRANSFORM] Validating | Row number: 272
2026-08-04 19:41:06,313 INFO [TRANSFORM] Validating | Row number: 273
2026-08-04 19:41:06,314 INFO [TRANSFORM] Validating | Row number: 274
2026-08-04 19:41:06,314 INFO [TRANSFORM] Validating | Row number: 275
2026-08-04 19:41:06,314 INFO [TRANSFORM] Validating | Row number: 276
2026-08-04 19:41:06,314 INFO [TRANSFORM] Validating | Row number: 277
2026-08-04 19:41:06,314 INFO [TRANSFORM] Validating | Row number: 278
2026-08-04 19:41:06,314 INFO [TRANSFORM] Validating | Row number: 279
2026-08-04 19:41:06,314 INFO [TRANSFORM] Validating | Row number: 280
2026-08-04 19:41:06,315 INFO [TRANSFORM] Validating | Row number: 281
2026-08-04 19:41:06,315 INFO [TRANSFORM] Validating | Row number: 282
2026-08-04 19:41:06,315 INFO [TRANSFORM] Validating | Row number: 283
2026-08-04 19:41:06,315 INFO [TRANSFORM] Validating | Row number: 284
2026-08-04 19:41:06,315 INFO [TRANSFORM] Validating | Row number: 285
2026-08-04 19:41:06,315 INFO [TRANSFORM] Validating | Row number: 286
2026-08-04 19:41:06,315 INFO [TRANSFORM] Validating | Row number: 287
2026-08-04 19:41:06,316 INFO [TRANSFORM] Validating | Row number: 288
2026-08-04 19:41:06,316 WARNING [TRANSFORM] [DATA ERROR] FK violating fields: ['product_id']
2026-08-04 19:41:06,316 INFO [TRANSFORM] Validating | Row number: 289
2026-08-04 19:41:06,316 INFO [TRANSFORM] Validating | Row number: 290
2026-08-04 19:41:06,316 INFO [TRANSFORM] Validating | Row number: 291
2026-08-04 19:41:06,316 INFO [TRANSFORM] Validating | Row number: 292
2026-08-04 19:41:06,316 INFO [TRANSFORM] Validating | Row number: 293
2026-08-04 19:41:06,316 INFO [TRANSFORM] Validating | Row number: 294
2026-08-04 19:41:06,317 INFO [TRANSFORM] Validating | Row number: 295
2026-08-04 19:41:06,317 INFO [TRANSFORM] Validating | Row number: 296
2026-08-04 19:41:06,317 INFO [TRANSFORM] Validating | Row number: 297
2026-08-04 19:41:06,317 INFO [TRANSFORM] Validating | Row number: 298
2026-08-04 19:41:06,317 INFO [TRANSFORM] Validating | Row number: 299
2026-08-04 19:41:06,317 INFO [TRANSFORM] Validating | Row number: 300
2026-08-04 19:41:06,317 INFO [TRANSFORM] Validating | Row number: 301
2026-08-04 19:41:06,318 INFO [TRANSFORM] Validating | Row number: 302
2026-08-04 19:41:06,318 INFO [TRANSFORM] Validating | Row number: 303
2026-08-04 19:41:06,318 INFO [TRANSFORM] Validating | Row number: 304
2026-08-04 19:41:06,318 INFO [TRANSFORM] Validating | Row number: 305
2026-08-04 19:41:06,318 INFO [TRANSFORM] Validating | Row number: 306
2026-08-04 19:41:06,318 INFO [TRANSFORM] Validating | Row number: 307
2026-08-04 19:41:06,319 INFO [TRANSFORM] Validating | Row number: 308
2026-08-04 19:41:06,319 INFO [TRANSFORM] Validating | Row number: 309
2026-08-04 19:41:06,319 INFO [TRANSFORM] Validating | Row number: 310
2026-08-04 19:41:06,319 INFO [TRANSFORM] Validating | Row number: 311
2026-08-04 19:41:06,319 INFO [TRANSFORM] Validating | Row number: 312
2026-08-04 19:41:06,319 INFO [TRANSFORM] Validating | Row number: 313
2026-08-04 19:41:06,319 INFO [TRANSFORM] Validating | Row number: 314
2026-08-04 19:41:06,320 INFO [TRANSFORM] Validating | Row number: 315
2026-08-04 19:41:06,320 INFO [TRANSFORM] Validating | Row number: 316
2026-08-04 19:41:06,320 INFO [TRANSFORM] Validating | Row number: 317
2026-08-04 19:41:06,320 INFO [TRANSFORM] Validating | Row number: 318
2026-08-04 19:41:06,320 INFO [TRANSFORM] Validating | Row number: 319
2026-08-04 19:41:06,320 INFO [TRANSFORM] Validating | Row number: 320
2026-08-04 19:41:06,320 INFO [TRANSFORM] Validating | Row number: 321
2026-08-04 19:41:06,321 INFO [TRANSFORM] Validating | Row number: 322
2026-08-04 19:41:06,321 INFO [TRANSFORM] Validating | Row number: 323
2026-08-04 19:41:06,321 INFO [TRANSFORM] Validating | Row number: 324
2026-08-04 19:41:06,321 INFO [TRANSFORM] Validating | Row number: 325
2026-08-04 19:41:06,321 INFO [TRANSFORM] Validating | Row number: 326
2026-08-04 19:41:06,321 INFO [TRANSFORM] Validating | Row number: 327
2026-08-04 19:41:06,321 INFO [TRANSFORM] Validating | Row number: 328
2026-08-04 19:41:06,321 INFO [TRANSFORM] Validating | Row number: 329
2026-08-04 19:41:06,322 INFO [TRANSFORM] Validating | Row number: 330
2026-08-04 19:41:06,322 INFO [TRANSFORM] Validating | Row number: 331
2026-08-04 19:41:06,322 INFO [TRANSFORM] Validating | Row number: 332
2026-08-04 19:41:06,322 INFO [TRANSFORM] Validating | Row number: 333
2026-08-04 19:41:06,322 INFO [TRANSFORM] Validating | Row number: 334
2026-08-04 19:41:06,322 INFO [TRANSFORM] Validating | Row number: 335
2026-08-04 19:41:06,322 INFO [TRANSFORM] Validating | Row number: 336
2026-08-04 19:41:06,322 WARNING [TRANSFORM] [DATA ERROR] Out of range fields: ['on_order_qty']
2026-08-04 19:41:06,323 INFO [TRANSFORM] Validating | Row number: 337
2026-08-04 19:41:06,323 INFO [TRANSFORM] Validating | Row number: 338
2026-08-04 19:41:06,323 INFO [TRANSFORM] Validating | Row number: 339
2026-08-04 19:41:06,323 INFO [TRANSFORM] Validating | Row number: 340
2026-08-04 19:41:06,323 INFO [TRANSFORM] Validating | Row number: 341
2026-08-04 19:41:06,323 INFO [TRANSFORM] Validating | Row number: 342
2026-08-04 19:41:06,323 INFO [TRANSFORM] Validating | Row number: 343
2026-08-04 19:41:06,323 INFO [TRANSFORM] Validating | Row number: 344
2026-08-04 19:41:06,324 INFO [TRANSFORM] Validating | Row number: 345
2026-08-04 19:41:06,324 INFO [TRANSFORM] Validating | Row number: 346
2026-08-04 19:41:06,324 INFO [TRANSFORM] Validating | Row number: 347
2026-08-04 19:41:06,324 WARNING [TRANSFORM] [DATA ERROR] Out of range fields: ['on_hand_qty']
2026-08-04 19:41:06,324 INFO [TRANSFORM] Validating | Row number: 348
2026-08-04 19:41:06,324 INFO [TRANSFORM] Validating | Row number: 349
2026-08-04 19:41:06,324 INFO [TRANSFORM] Validating | Row number: 350
2026-08-04 19:41:06,325 INFO [TRANSFORM] Validating | Row number: 351
2026-08-04 19:41:06,325 INFO [TRANSFORM] Validating | Row number: 352
2026-08-04 19:41:06,325 INFO [TRANSFORM] Validating | Row number: 353
2026-08-04 19:41:06,325 INFO [TRANSFORM] Validating | Row number: 354
2026-08-04 19:41:06,325 INFO [TRANSFORM] Validating | Row number: 355
2026-08-04 19:41:06,325 INFO [TRANSFORM] Validating | Row number: 356
2026-08-04 19:41:06,325 WARNING [TRANSFORM] [DATA ERROR] Out of range fields: ['on_order_qty']
2026-08-04 19:41:06,325 INFO [TRANSFORM] Validating | Row number: 357
2026-08-04 19:41:06,325 INFO [TRANSFORM] Validating | Row number: 358
2026-08-04 19:41:06,325 INFO [TRANSFORM] Validating | Row number: 359
2026-08-04 19:41:06,326 INFO [TRANSFORM] Validating | Row number: 360
2026-08-04 19:41:06,326 INFO [TRANSFORM] Validating | Row number: 361
2026-08-04 19:41:06,326 INFO [TRANSFORM] Validating | Row number: 362
2026-08-04 19:41:06,326 INFO [TRANSFORM] Validating | Row number: 363
2026-08-04 19:41:06,326 INFO [TRANSFORM] Validating | Row number: 364
2026-08-04 19:41:06,326 INFO [TRANSFORM] Validating | Row number: 365
2026-08-04 19:41:06,326 INFO [TRANSFORM] Validating | Row number: 366
2026-08-04 19:41:06,326 INFO [TRANSFORM] Validating | Row number: 367
2026-08-04 19:41:06,326 INFO [TRANSFORM] Validating | Row number: 368
2026-08-04 19:41:06,326 INFO [TRANSFORM] Validating | Row number: 369
2026-08-04 19:41:06,327 INFO [TRANSFORM] Validating | Row number: 370
2026-08-04 19:41:06,327 INFO [TRANSFORM] Validating | Row number: 371
2026-08-04 19:41:06,327 INFO [TRANSFORM] Validating | Row number: 372
2026-08-04 19:41:06,327 INFO [TRANSFORM] Validating | Row number: 373
2026-08-04 19:41:06,327 INFO [TRANSFORM] Validating | Row number: 374
2026-08-04 19:41:06,327 INFO [TRANSFORM] Validating | Row number: 375
2026-08-04 19:41:06,327 INFO [TRANSFORM] Validating | Row number: 376
2026-08-04 19:41:06,327 INFO [TRANSFORM] Validating | Row number: 377
2026-08-04 19:41:06,327 INFO [TRANSFORM] Validating | Row number: 378
2026-08-04 19:41:06,327 INFO [TRANSFORM] Validating | Row number: 379
2026-08-04 19:41:06,327 INFO [TRANSFORM] Validating | Row number: 380
2026-08-04 19:41:06,327 INFO [TRANSFORM] Validating | Row number: 381
2026-08-04 19:41:06,328 INFO [TRANSFORM] Validating | Row number: 382
2026-08-04 19:41:06,328 INFO [TRANSFORM] Validating | Row number: 383
2026-08-04 19:41:06,328 INFO [TRANSFORM] Validating | Row number: 384
2026-08-04 19:41:06,328 INFO [TRANSFORM] Validating | Row number: 385
2026-08-04 19:41:06,328 INFO [TRANSFORM] Validating | Row number: 386
2026-08-04 19:41:06,328 WARNING [TRANSFORM] [DATA ERROR] Out of range fields: ['on_order_qty']
2026-08-04 19:41:06,328 INFO [TRANSFORM] Validating | Row number: 387
2026-08-04 19:41:06,328 INFO [TRANSFORM] Validating | Row number: 388
2026-08-04 19:41:06,328 INFO [TRANSFORM] Validating | Row number: 389
2026-08-04 19:41:06,328 INFO [TRANSFORM] Validating | Row number: 390
2026-08-04 19:41:06,328 INFO [TRANSFORM] Validating | Row number: 391
2026-08-04 19:41:06,328 INFO [TRANSFORM] Validating | Row number: 392
2026-08-04 19:41:06,329 WARNING [TRANSFORM] [DATA ERROR] Bad type fields: ['snapshot_date']
2026-08-04 19:41:06,329 INFO [TRANSFORM] Validating | Row number: 393
2026-08-04 19:41:06,329 INFO [TRANSFORM] Validating | Row number: 394
2026-08-04 19:41:06,329 INFO [TRANSFORM] Validating | Row number: 395
2026-08-04 19:41:06,329 INFO [TRANSFORM] Validating | Row number: 396
2026-08-04 19:41:06,329 INFO [TRANSFORM] Validating | Row number: 397
2026-08-04 19:41:06,329 INFO [TRANSFORM] Validating | Row number: 398
2026-08-04 19:41:06,329 INFO [TRANSFORM] Validating | Row number: 399
2026-08-04 19:41:06,329 WARNING [TRANSFORM] [DATA ERROR] Out of range fields: ['on_hand_qty']
2026-08-04 19:41:06,329 INFO [TRANSFORM] Validating | Row number: 400
2026-08-04 19:41:06,329 INFO [TRANSFORM] Validating | Row number: 401
2026-08-04 19:41:06,329 INFO [TRANSFORM] Validating | Row number: 402
2026-08-04 19:41:06,329 INFO [TRANSFORM] Validating | Row number: 403
2026-08-04 19:41:06,329 INFO [TRANSFORM] Validating | Row number: 404
2026-08-04 19:41:06,330 INFO [TRANSFORM] Validating | Row number: 405
2026-08-04 19:41:06,330 INFO [TRANSFORM] Validating | Row number: 406
2026-08-04 19:41:06,330 INFO [TRANSFORM] Validating | Row number: 407
2026-08-04 19:41:06,330 INFO [TRANSFORM] Validating | Row number: 408
2026-08-04 19:41:06,330 INFO [TRANSFORM] Validating | Row number: 409
2026-08-04 19:41:06,330 INFO [TRANSFORM] Validating | Row number: 410
2026-08-04 19:41:06,330 INFO [TRANSFORM] Validating | Row number: 411
2026-08-04 19:41:06,330 INFO [TRANSFORM] Validating | Row number: 412
2026-08-04 19:41:06,330 WARNING [TRANSFORM] [DATA ERROR] Out of range fields: ['on_order_qty']
2026-08-04 19:41:06,330 INFO [TRANSFORM] Validating | Row number: 413
2026-08-04 19:41:06,330 INFO [TRANSFORM] Validating | Row number: 414
2026-08-04 19:41:06,331 INFO [TRANSFORM] Validating | Row number: 415
2026-08-04 19:41:06,331 INFO [TRANSFORM] Validating | Row number: 416
2026-08-04 19:41:06,331 INFO [TRANSFORM] Validating | Row number: 417
2026-08-04 19:41:06,331 INFO [TRANSFORM] Validating | Row number: 418
2026-08-04 19:41:06,331 INFO [TRANSFORM] Validating | Row number: 419
2026-08-04 19:41:06,331 INFO [TRANSFORM] Validating | Row number: 420
2026-08-04 19:41:06,331 INFO [TRANSFORM] Validating | Row number: 421
2026-08-04 19:41:06,331 INFO [TRANSFORM] Validating | Row number: 422
2026-08-04 19:41:06,331 INFO [TRANSFORM] Validating | Row number: 423
2026-08-04 19:41:06,331 INFO [TRANSFORM] Validating | Row number: 424
2026-08-04 19:41:06,331 INFO [TRANSFORM] Validating | Row number: 425
2026-08-04 19:41:06,331 INFO [TRANSFORM] Validating | Row number: 426
2026-08-04 19:41:06,331 INFO [TRANSFORM] Validating | Row number: 427
2026-08-04 19:41:06,332 INFO [TRANSFORM] Validating | Row number: 428
2026-08-04 19:41:06,332 INFO [TRANSFORM] Validating | Row number: 429
2026-08-04 19:41:06,332 INFO [TRANSFORM] Validating | Row number: 430
2026-08-04 19:41:06,332 INFO [TRANSFORM] Validating | Row number: 431
2026-08-04 19:41:06,332 INFO [TRANSFORM] Validating | Row number: 432
2026-08-04 19:41:06,332 INFO [TRANSFORM] Validating | Row number: 433
2026-08-04 19:41:06,332 INFO [TRANSFORM] Validating | Row number: 434
2026-08-04 19:41:06,332 INFO [TRANSFORM] Validating | Row number: 435
2026-08-04 19:41:06,332 INFO [TRANSFORM] Validating | Row number: 436
2026-08-04 19:41:06,332 WARNING [TRANSFORM] [DATA ERROR] Bad type fields: ['on_hand_qty']
2026-08-04 19:41:06,332 INFO [TRANSFORM] Validating | Row number: 437
2026-08-04 19:41:06,332 INFO [TRANSFORM] Validating | Row number: 438
2026-08-04 19:41:06,332 INFO [TRANSFORM] Validating | Row number: 439
2026-08-04 19:41:06,333 INFO [TRANSFORM] Validating | Row number: 440
2026-08-04 19:41:06,333 INFO [TRANSFORM] Validating | Row number: 441
2026-08-04 19:41:06,333 WARNING [TRANSFORM] [DATA ERROR] FK violating fields: ['product_id']
2026-08-04 19:41:06,333 INFO [TRANSFORM] Validating | Row number: 442
2026-08-04 19:41:06,333 INFO [TRANSFORM] Validating | Row number: 443
2026-08-04 19:41:06,333 INFO [TRANSFORM] Validating | Row number: 444
2026-08-04 19:41:06,333 INFO [TRANSFORM] Validating | Row number: 445
2026-08-04 19:41:06,333 INFO [TRANSFORM] Validating | Row number: 446
2026-08-04 19:41:06,333 INFO [TRANSFORM] Validating | Row number: 447
2026-08-04 19:41:06,333 INFO [TRANSFORM] Validating | Row number: 448
2026-08-04 19:41:06,333 INFO [TRANSFORM] Validating | Row number: 449
2026-08-04 19:41:06,334 INFO [TRANSFORM] Validating | Row number: 450
2026-08-04 19:41:06,334 INFO [TRANSFORM] Validating | Row number: 451
2026-08-04 19:41:06,334 INFO [TRANSFORM] Validating | Row number: 452
2026-08-04 19:41:06,334 WARNING [TRANSFORM] [DATA ERROR] Bad type fields: ['on_hand_qty']
2026-08-04 19:41:06,334 INFO [TRANSFORM] Validating | Row number: 453
2026-08-04 19:41:06,334 INFO [TRANSFORM] Validating | Row number: 454
2026-08-04 19:41:06,334 INFO [TRANSFORM] Validating | Row number: 455
2026-08-04 19:41:06,334 INFO [TRANSFORM] Validating | Row number: 456
2026-08-04 19:41:06,334 WARNING [TRANSFORM] [DATA ERROR] Out of range fields: ['on_hand_qty']
2026-08-04 19:41:06,334 INFO [TRANSFORM] Validating | Row number: 457
2026-08-04 19:41:06,334 INFO [TRANSFORM] Validating | Row number: 458
2026-08-04 19:41:06,334 INFO [TRANSFORM] Validating | Row number: 459
2026-08-04 19:41:06,334 INFO [TRANSFORM] Validating | Row number: 460
2026-08-04 19:41:06,334 INFO [TRANSFORM] Validating | Row number: 461
2026-08-04 19:41:06,335 INFO [TRANSFORM] Validating | Row number: 462
2026-08-04 19:41:06,335 INFO [TRANSFORM] Validating | Row number: 463
2026-08-04 19:41:06,335 WARNING [TRANSFORM] [DATA ERROR] FK violating fields: ['product_id']
2026-08-04 19:41:06,335 INFO [TRANSFORM] Validating | Row number: 464
2026-08-04 19:41:06,335 WARNING [TRANSFORM] [DATA ERROR] FK violating fields: ['product_id']
2026-08-04 19:41:06,335 INFO [TRANSFORM] Validating | Row number: 465
2026-08-04 19:41:06,335 WARNING [TRANSFORM] [DATA ERROR] FK violating fields: ['product_id']
2026-08-04 19:41:06,335 INFO [TRANSFORM] Validating | Row number: 466
2026-08-04 19:41:06,335 INFO [TRANSFORM] Validating | Row number: 467
2026-08-04 19:41:06,335 WARNING [TRANSFORM] [DATA ERROR] Out of range fields: ['on_order_qty']
2026-08-04 19:41:06,335 INFO [TRANSFORM] Validating | Row number: 468
2026-08-04 19:41:06,335 INFO [TRANSFORM] Validating | Row number: 469
2026-08-04 19:41:06,335 INFO [TRANSFORM] Validating | Row number: 470
2026-08-04 19:41:06,335 INFO [TRANSFORM] Validating | Row number: 471
2026-08-04 19:41:06,335 INFO [TRANSFORM] Validating | Row number: 472
2026-08-04 19:41:06,335 INFO [TRANSFORM] Validating | Row number: 473
2026-08-04 19:41:06,336 INFO [TRANSFORM] Validating | Row number: 474
2026-08-04 19:41:06,336 INFO [TRANSFORM] Validating | Row number: 475
2026-08-04 19:41:06,336 INFO [TRANSFORM] Validating | Row number: 476
2026-08-04 19:41:06,336 INFO [TRANSFORM] Validating | Row number: 477
2026-08-04 19:41:06,336 INFO [TRANSFORM] Validating | Row number: 478
2026-08-04 19:41:06,336 INFO [TRANSFORM] Validating | Row number: 479
2026-08-04 19:41:06,336 INFO [TRANSFORM] Validating | Row number: 480
2026-08-04 19:41:06,336 INFO [TRANSFORM] Validating | Row number: 481
2026-08-04 19:41:06,336 INFO [TRANSFORM] Validating | Row number: 482
2026-08-04 19:41:06,336 INFO [TRANSFORM] Validating | Row number: 483
2026-08-04 19:41:06,336 INFO [TRANSFORM] Validating | Row number: 484
2026-08-04 19:41:06,336 INFO [TRANSFORM] Validating | Row number: 485
2026-08-04 19:41:06,336 INFO [TRANSFORM] Validating | Row number: 486
2026-08-04 19:41:06,336 INFO [TRANSFORM] Validating | Row number: 487
2026-08-04 19:41:06,337 INFO [TRANSFORM] Validating | Row number: 488
2026-08-04 19:41:06,337 INFO [TRANSFORM] Validating | Row number: 489
2026-08-04 19:41:06,337 INFO [TRANSFORM] Validating | Row number: 490
2026-08-04 19:41:06,337 INFO [TRANSFORM] Validating | Row number: 491
2026-08-04 19:41:06,337 INFO [TRANSFORM] Validating | Row number: 492
2026-08-04 19:41:06,337 INFO [TRANSFORM] Validating | Row number: 493
2026-08-04 19:41:06,337 INFO [TRANSFORM] Validating | Row number: 494
2026-08-04 19:41:06,337 INFO [TRANSFORM] Validating | Row number: 495
2026-08-04 19:41:06,337 INFO [TRANSFORM] Validating | Row number: 496
2026-08-04 19:41:06,337 WARNING [TRANSFORM] [DATA ERROR] FK violating fields: ['product_id']
2026-08-04 19:41:06,337 INFO [TRANSFORM] Validating | Row number: 497
2026-08-04 19:41:06,337 INFO [TRANSFORM] Validating | Row number: 498
2026-08-04 19:41:06,337 INFO [TRANSFORM] Validating | Row number: 499
2026-08-04 19:41:06,337 INFO [TRANSFORM] Validating | Row number: 500
2026-08-04 19:41:06,338 INFO [TRANSFORM] Validating | Row number: 501
2026-08-04 19:41:06,338 INFO [TRANSFORM] Validating | Row number: 502
2026-08-04 19:41:06,338 INFO [TRANSFORM] Validating | Row number: 503
2026-08-04 19:41:06,338 INFO [TRANSFORM] Validating | Row number: 504
2026-08-04 19:41:06,338 INFO [TRANSFORM] Validating | Row number: 505
2026-08-04 19:41:06,338 INFO [TRANSFORM] Validating | Row number: 506
2026-08-04 19:41:06,338 INFO [TRANSFORM] Validating | Row number: 507
2026-08-04 19:41:06,338 INFO [TRANSFORM] Validating | Row number: 508
2026-08-04 19:41:06,338 INFO [TRANSFORM] Validating | Row number: 509
2026-08-04 19:41:06,338 INFO [TRANSFORM] Validating | Row number: 510
2026-08-04 19:41:06,338 INFO [TRANSFORM] Validating | Row number: 511
2026-08-04 19:41:06,338 INFO [TRANSFORM] Validating | Row number: 512
2026-08-04 19:41:06,338 INFO [TRANSFORM] Validating | Row number: 513
2026-08-04 19:41:06,338 INFO [TRANSFORM] Validating | Row number: 514
2026-08-04 19:41:06,339 INFO [TRANSFORM] Validating | Row number: 515
2026-08-04 19:41:06,339 INFO [TRANSFORM] Validating | Row number: 516
2026-08-04 19:41:06,339 INFO [TRANSFORM] Validating | Row number: 517
2026-08-04 19:41:06,339 INFO [TRANSFORM] Validating | Row number: 518
2026-08-04 19:41:06,339 INFO [TRANSFORM] Validating | Row number: 519
2026-08-04 19:41:06,339 INFO [TRANSFORM] Validating | Row number: 520
2026-08-04 19:41:06,339 INFO [TRANSFORM] Validating | Row number: 521
2026-08-04 19:41:06,339 INFO [TRANSFORM] Validating | Row number: 522
2026-08-04 19:41:06,339 INFO [TRANSFORM] Validating | Row number: 523
2026-08-04 19:41:06,339 INFO [TRANSFORM] Validating | Row number: 524
2026-08-04 19:41:06,339 INFO [TRANSFORM] Validating | Row number: 525
2026-08-04 19:41:06,339 INFO [TRANSFORM] Validating | Row number: 526
2026-08-04 19:41:06,340 INFO [TRANSFORM] Validating | Row number: 527
2026-08-04 19:41:06,340 WARNING [TRANSFORM] [DATA ERROR] FK violating fields: ['product_id']
2026-08-04 19:41:06,340 INFO [TRANSFORM] Validating | Row number: 528
2026-08-04 19:41:06,340 INFO [TRANSFORM] Validating | Row number: 529
2026-08-04 19:41:06,340 WARNING [TRANSFORM] [DATA ERROR] Bad type fields: ['on_hand_qty']
2026-08-04 19:41:06,340 INFO [TRANSFORM] Validating | Row number: 530
2026-08-04 19:41:06,340 INFO [TRANSFORM] Validating | Row number: 531
2026-08-04 19:41:06,340 INFO [TRANSFORM] Validating | Row number: 532
2026-08-04 19:41:06,340 INFO [TRANSFORM] Validating | Row number: 533
2026-08-04 19:41:06,340 WARNING [TRANSFORM] [DATA ERROR] Out of range fields: ['on_hand_qty']
2026-08-04 19:41:06,340 INFO [TRANSFORM] Validating | Row number: 534
2026-08-04 19:41:06,340 INFO [TRANSFORM] Validating | Row number: 535
2026-08-04 19:41:06,341 WARNING [TRANSFORM] [DATA ERROR] Out of range fields: ['on_hand_qty']
2026-08-04 19:41:06,341 INFO [TRANSFORM] Validating | Row number: 536
2026-08-04 19:41:06,341 INFO [TRANSFORM] Validating | Row number: 537
2026-08-04 19:41:06,341 INFO [TRANSFORM] Validating | Row number: 538
2026-08-04 19:41:06,341 INFO [TRANSFORM] Validating | Row number: 539
2026-08-04 19:41:06,341 INFO [TRANSFORM] Validating | Row number: 540
2026-08-04 19:41:06,341 WARNING [TRANSFORM] [DATA ERROR] FK violating fields: ['product_id']
2026-08-04 19:41:06,341 INFO [TRANSFORM] Validating | Row number: 541
2026-08-04 19:41:06,341 INFO [TRANSFORM] Validating | Row number: 542
2026-08-04 19:41:06,341 INFO [TRANSFORM] Validating | Row number: 543
2026-08-04 19:41:06,341 INFO [TRANSFORM] Validating | Row number: 544
2026-08-04 19:41:06,341 INFO [TRANSFORM] Validating | Row number: 545
2026-08-04 19:41:06,342 INFO [TRANSFORM] Validating | Row number: 546
2026-08-04 19:41:06,342 INFO [TRANSFORM] Validating | Row number: 547
2026-08-04 19:41:06,342 INFO [TRANSFORM] Validating | Row number: 548
2026-08-04 19:41:06,342 INFO [TRANSFORM] Validating | Row number: 549
2026-08-04 19:41:06,342 INFO [TRANSFORM] Validating | Row number: 550
2026-08-04 19:41:06,342 INFO [TRANSFORM] Validating | Row number: 551
2026-08-04 19:41:06,342 INFO [TRANSFORM] Validating | Row number: 552
2026-08-04 19:41:06,342 INFO [TRANSFORM] Validating | Row number: 553
2026-08-04 19:41:06,342 INFO [TRANSFORM] Validating | Row number: 554
2026-08-04 19:41:06,342 INFO [TRANSFORM] Validating | Row number: 555
2026-08-04 19:41:06,342 INFO [TRANSFORM] Validating | Row number: 556
2026-08-04 19:41:06,343 WARNING [TRANSFORM] [DATA ERROR] FK violating fields: ['product_id']
2026-08-04 19:41:06,343 INFO [TRANSFORM] Validating | Row number: 557
2026-08-04 19:41:06,343 INFO [TRANSFORM] Validating | Row number: 558
2026-08-04 19:41:06,343 INFO [TRANSFORM] Validating | Row number: 559
2026-08-04 19:41:06,343 INFO [TRANSFORM] Validating | Row number: 560
2026-08-04 19:41:06,343 INFO [TRANSFORM] Validating | Row number: 561
2026-08-04 19:41:06,343 INFO [TRANSFORM] Validating | Row number: 562
2026-08-04 19:41:06,343 INFO [TRANSFORM] Validating | Row number: 563
2026-08-04 19:41:06,343 INFO [TRANSFORM] Validating | Row number: 564
2026-08-04 19:41:06,343 WARNING [TRANSFORM] [DATA ERROR] FK violating fields: ['product_id']
2026-08-04 19:41:06,343 INFO [TRANSFORM] Validating | Row number: 565
2026-08-04 19:41:06,343 INFO [TRANSFORM] Validating | Row number: 566
2026-08-04 19:41:06,343 INFO [TRANSFORM] Validating | Row number: 567
2026-08-04 19:41:06,343 INFO [TRANSFORM] Validating | Row number: 568
2026-08-04 19:41:06,343 INFO [TRANSFORM] Validating | Row number: 569
2026-08-04 19:41:06,344 INFO [TRANSFORM] Validating | Row number: 570
2026-08-04 19:41:06,344 INFO [TRANSFORM] Validating | Row number: 571
2026-08-04 19:41:06,344 INFO [TRANSFORM] Validating | Row number: 572
2026-08-04 19:41:06,344 INFO [TRANSFORM] Validating | Row number: 573
2026-08-04 19:41:06,344 INFO [TRANSFORM] Validating | Row number: 574
2026-08-04 19:41:06,344 INFO [TRANSFORM] Validating | Row number: 575
2026-08-04 19:41:06,344 INFO [TRANSFORM] Validating | Row number: 576
2026-08-04 19:41:06,344 INFO [TRANSFORM] Validating | Row number: 577
2026-08-04 19:41:06,344 INFO [TRANSFORM] Validating | Row number: 578
2026-08-04 19:41:06,344 INFO [TRANSFORM] Validating | Row number: 579
2026-08-04 19:41:06,344 INFO [TRANSFORM] Validating | Row number: 580
2026-08-04 19:41:06,344 INFO [TRANSFORM] Validating | Row number: 581
2026-08-04 19:41:06,344 INFO [TRANSFORM] Validating | Row number: 582
2026-08-04 19:41:06,344 INFO [TRANSFORM] Validating | Row number: 583
2026-08-04 19:41:06,345 INFO [TRANSFORM] Validating | Row number: 584
2026-08-04 19:41:06,345 INFO [TRANSFORM] Validating | Row number: 585
2026-08-04 19:41:06,345 INFO [TRANSFORM] Validating | Row number: 586
2026-08-04 19:41:06,345 INFO [TRANSFORM] Validating | Row number: 587
2026-08-04 19:41:06,345 WARNING [TRANSFORM] [DATA ERROR] FK violating fields: ['dealer_id']
2026-08-04 19:41:06,345 INFO [TRANSFORM] Validating | Row number: 588
2026-08-04 19:41:06,345 INFO [TRANSFORM] Validating | Row number: 589
2026-08-04 19:41:06,345 INFO [TRANSFORM] Validating | Row number: 590
2026-08-04 19:41:06,345 INFO [TRANSFORM] Validating | Row number: 591
2026-08-04 19:41:06,345 INFO [TRANSFORM] Validating | Row number: 592
2026-08-04 19:41:06,345 INFO [TRANSFORM] Validating | Row number: 593
2026-08-04 19:41:06,345 INFO [TRANSFORM] Validating | Row number: 594
2026-08-04 19:41:06,345 INFO [TRANSFORM] Validating | Row number: 595
2026-08-04 19:41:06,345 INFO [TRANSFORM] Validating | Row number: 596
2026-08-04 19:41:06,346 INFO [TRANSFORM] Validating | Row number: 597
2026-08-04 19:41:06,346 INFO [TRANSFORM] Validating | Row number: 598
2026-08-04 19:41:06,346 INFO [TRANSFORM] Validating | Row number: 599
2026-08-04 19:41:06,346 INFO [TRANSFORM] Validating | Row number: 600
2026-08-04 19:41:06,346 WARNING [TRANSFORM] [DATA ERROR] FK violating fields: ['product_id']
2026-08-04 19:41:06,346 INFO [TRANSFORM] Validating | Row number: 601
2026-08-04 19:41:06,346 INFO [TRANSFORM] Validating | Row number: 602
2026-08-04 19:41:06,346 INFO [TRANSFORM] Validating | Row number: 603
2026-08-04 19:41:06,346 INFO [TRANSFORM] Validating | Row number: 604
2026-08-04 19:41:06,346 INFO [TRANSFORM] Validating | Row number: 605
2026-08-04 19:41:06,346 INFO [TRANSFORM] Validating | Row number: 606
2026-08-04 19:41:06,346 INFO [TRANSFORM] Validating | Row number: 607
2026-08-04 19:41:06,346 INFO [TRANSFORM] Validating | Row number: 608
2026-08-04 19:41:06,346 INFO [TRANSFORM] Validating | Row number: 609
2026-08-04 19:41:06,346 INFO [TRANSFORM] Validating | Row number: 610
2026-08-04 19:41:06,347 INFO [TRANSFORM] Validating | Row number: 611
2026-08-04 19:41:06,347 WARNING [TRANSFORM] [DATA ERROR] Out of range fields: ['on_hand_qty']
2026-08-04 19:41:06,347 INFO [TRANSFORM] Validating | Row number: 612
2026-08-04 19:41:06,347 INFO [TRANSFORM] Validating | Row number: 613
2026-08-04 19:41:06,347 INFO [TRANSFORM] Validating | Row number: 614
2026-08-04 19:41:06,347 INFO [TRANSFORM] Validating | Row number: 615
2026-08-04 19:41:06,347 INFO [TRANSFORM] Validating | Row number: 616
2026-08-04 19:41:06,347 INFO [TRANSFORM] Validating | Row number: 617
2026-08-04 19:41:06,347 INFO [TRANSFORM] Validating | Row number: 618
2026-08-04 19:41:06,347 INFO [TRANSFORM] Validating | Row number: 619
2026-08-04 19:41:06,347 INFO [TRANSFORM] Validating | Row number: 620
2026-08-04 19:41:06,347 INFO [TRANSFORM] Validating | Row number: 621
2026-08-04 19:41:06,347 INFO [TRANSFORM] Validating | Row number: 622
2026-08-04 19:41:06,347 INFO [TRANSFORM] Validating | Row number: 623
2026-08-04 19:41:06,348 WARNING [TRANSFORM] [DATA ERROR] Bad type fields: ['on_hand_qty']
2026-08-04 19:41:06,348 INFO [TRANSFORM] Validating | Row number: 624
2026-08-04 19:41:06,348 INFO [TRANSFORM] Validating | Row number: 625
2026-08-04 19:41:06,348 INFO [TRANSFORM] Validating | Row number: 626
2026-08-04 19:41:06,348 INFO [TRANSFORM] Validating | Row number: 627
2026-08-04 19:41:06,348 INFO [TRANSFORM] Validating | Row number: 628
2026-08-04 19:41:06,348 INFO [TRANSFORM] Validating | Row number: 629
2026-08-04 19:41:06,348 INFO [TRANSFORM] Validating | Row number: 630
2026-08-04 19:41:06,348 INFO [TRANSFORM] Validating | Row number: 631
2026-08-04 19:41:06,348 INFO [TRANSFORM] Validating | Row number: 632
2026-08-04 19:41:06,348 INFO [TRANSFORM] Validating | Row number: 633
2026-08-04 19:41:06,348 INFO [TRANSFORM] Validating | Row number: 634
2026-08-04 19:41:06,348 INFO [TRANSFORM] Validating | Row number: 635
2026-08-04 19:41:06,348 WARNING [TRANSFORM] [DATA ERROR] Missing required fields: ['snapshot_date']
2026-08-04 19:41:06,348 INFO [TRANSFORM] Validating | Row number: 636
2026-08-04 19:41:06,348 INFO [TRANSFORM] Validating | Row number: 637
2026-08-04 19:41:06,349 INFO [TRANSFORM] Validating | Row number: 638
2026-08-04 19:41:06,349 INFO [TRANSFORM] Validating | Row number: 639
2026-08-04 19:41:06,349 INFO [TRANSFORM] Validating | Row number: 640
2026-08-04 19:41:06,349 INFO [TRANSFORM] Validating | Row number: 641
2026-08-04 19:41:06,349 INFO [TRANSFORM] Validating | Row number: 642
2026-08-04 19:41:06,349 INFO [TRANSFORM] Validating | Row number: 643
2026-08-04 19:41:06,349 INFO [TRANSFORM] Validating | Row number: 644
2026-08-04 19:41:06,349 WARNING [TRANSFORM] [DATA ERROR] FK violating fields: ['product_id']
2026-08-04 19:41:06,349 INFO [TRANSFORM] Validating | Row number: 645
2026-08-04 19:41:06,349 INFO [TRANSFORM] Validating | Row number: 646
2026-08-04 19:41:06,349 INFO [TRANSFORM] Validating | Row number: 647
2026-08-04 19:41:06,349 INFO [TRANSFORM] Validating | Row number: 648
2026-08-04 19:41:06,349 INFO [TRANSFORM] Validating | Row number: 649
2026-08-04 19:41:06,349 INFO [TRANSFORM] Validating | Row number: 650
2026-08-04 19:41:06,349 WARNING [TRANSFORM] [DATA ERROR] Bad type fields: ['snapshot_date']
2026-08-04 19:41:06,349 INFO [TRANSFORM] Validating | Row number: 651
2026-08-04 19:41:06,350 INFO [TRANSFORM] Validating | Row number: 652
2026-08-04 19:41:06,350 INFO [TRANSFORM] Validating | Row number: 653
2026-08-04 19:41:06,350 INFO [TRANSFORM] Validating | Row number: 654
2026-08-04 19:41:06,350 INFO [TRANSFORM] Validating | Row number: 655
2026-08-04 19:41:06,350 WARNING [TRANSFORM] [DATA ERROR] FK violating fields: ['product_id']
2026-08-04 19:41:06,350 INFO [TRANSFORM] Validating | Row number: 656
2026-08-04 19:41:06,350 INFO [TRANSFORM] Validating | Row number: 657
2026-08-04 19:41:06,350 INFO [TRANSFORM] Validating | Row number: 658
2026-08-04 19:41:06,350 INFO [TRANSFORM] Validating | Row number: 659
2026-08-04 19:41:06,350 INFO [TRANSFORM] Validating | Row number: 660
2026-08-04 19:41:06,350 INFO [TRANSFORM] Validating | Row number: 661
2026-08-04 19:41:06,350 INFO [TRANSFORM] Validating | Row number: 662
2026-08-04 19:41:06,350 INFO [TRANSFORM] Validating | Row number: 663
2026-08-04 19:41:06,351 INFO [TRANSFORM] Validating | Row number: 664
2026-08-04 19:41:06,351 INFO [TRANSFORM] Validating | Row number: 665
2026-08-04 19:41:06,351 INFO [TRANSFORM] Validating | Row number: 666
2026-08-04 19:41:06,351 INFO [TRANSFORM] Validating | Row number: 667
2026-08-04 19:41:06,351 INFO [TRANSFORM] Validating | Row number: 668
2026-08-04 19:41:06,351 INFO [TRANSFORM] Validating | Row number: 669
2026-08-04 19:41:06,351 INFO [TRANSFORM] Validating | Row number: 670
2026-08-04 19:41:06,351 INFO [TRANSFORM] Validating | Row number: 671
2026-08-04 19:41:06,351 INFO [TRANSFORM] Validating | Row number: 672
2026-08-04 19:41:06,351 INFO [TRANSFORM] Validating | Row number: 673
2026-08-04 19:41:06,351 INFO [TRANSFORM] Validating | Row number: 674
2026-08-04 19:41:06,351 INFO [TRANSFORM] Validating | Row number: 675
2026-08-04 19:41:06,351 INFO [TRANSFORM] Validating | Row number: 676
2026-08-04 19:41:06,351 INFO [TRANSFORM] Validating | Row number: 677
2026-08-04 19:41:06,352 INFO [TRANSFORM] Validating | Row number: 678
2026-08-04 19:41:06,352 INFO [TRANSFORM] Validating | Row number: 679
2026-08-04 19:41:06,352 WARNING [TRANSFORM] [DATA ERROR] Bad type fields: ['on_hand_qty']
2026-08-04 19:41:06,352 INFO [TRANSFORM] Validating | Row number: 680
2026-08-04 19:41:06,352 INFO [TRANSFORM] Validating | Row number: 681
2026-08-04 19:41:06,352 INFO [TRANSFORM] Validating | Row number: 682
2026-08-04 19:41:06,352 INFO [TRANSFORM] Validating | Row number: 683
2026-08-04 19:41:06,352 INFO [TRANSFORM] Validating | Row number: 684
2026-08-04 19:41:06,352 INFO [TRANSFORM] Validating | Row number: 685
2026-08-04 19:41:06,352 INFO [TRANSFORM] Validating | Row number: 686
2026-08-04 19:41:06,352 INFO [TRANSFORM] Validating | Row number: 687
2026-08-04 19:41:06,352 INFO [TRANSFORM] Validating | Row number: 688
2026-08-04 19:41:06,352 INFO [TRANSFORM] Validating | Row number: 689
2026-08-04 19:41:06,352 INFO [TRANSFORM] Validating | Row number: 690
2026-08-04 19:41:06,353 INFO [TRANSFORM] Validating | Row number: 691
2026-08-04 19:41:06,353 INFO [TRANSFORM] Validating | Row number: 692
2026-08-04 19:41:06,353 WARNING [TRANSFORM] [DATA ERROR] Missing required fields: ['snapshot_date']
2026-08-04 19:41:06,353 INFO [TRANSFORM] Validating | Row number: 693
2026-08-04 19:41:06,353 INFO [TRANSFORM] Validating | Row number: 694
2026-08-04 19:41:06,353 INFO [TRANSFORM] Validating | Row number: 695
2026-08-04 19:41:06,353 INFO [TRANSFORM] Validating | Row number: 696
2026-08-04 19:41:06,353 INFO [TRANSFORM] Validating | Row number: 697
2026-08-04 19:41:06,353 INFO [TRANSFORM] Validating | Row number: 698
2026-08-04 19:41:06,353 INFO [TRANSFORM] Validating | Row number: 699
2026-08-04 19:41:06,353 INFO [TRANSFORM] Validating | Row number: 700
2026-08-04 19:41:06,353 INFO [TRANSFORM] Validating | Row number: 701
2026-08-04 19:41:06,353 WARNING [TRANSFORM] [DATA ERROR] FK violating fields: ['product_id']
2026-08-04 19:41:06,353 INFO [TRANSFORM] Validating | Row number: 702
2026-08-04 19:41:06,353 INFO [TRANSFORM] Validating | Row number: 703
2026-08-04 19:41:06,353 WARNING [TRANSFORM] [DATA ERROR] Out of range fields: ['on_order_qty']
2026-08-04 19:41:06,353 INFO [TRANSFORM] Validating | Row number: 704
2026-08-04 19:41:06,354 INFO [TRANSFORM] Validating | Row number: 705
2026-08-04 19:41:06,354 WARNING [TRANSFORM] [DATA ERROR] Out of range fields: ['on_order_qty']
2026-08-04 19:41:06,354 INFO [TRANSFORM] Validating | Row number: 706
2026-08-04 19:41:06,354 INFO [TRANSFORM] Validating | Row number: 707
2026-08-04 19:41:06,354 INFO [TRANSFORM] Validating | Row number: 708
2026-08-04 19:41:06,354 INFO [TRANSFORM] Validating | Row number: 709
2026-08-04 19:41:06,354 INFO [TRANSFORM] Validating | Row number: 710
2026-08-04 19:41:06,354 INFO [TRANSFORM] Validating | Row number: 711
2026-08-04 19:41:06,354 INFO [TRANSFORM] Validating | Row number: 712
2026-08-04 19:41:06,354 INFO [TRANSFORM] Validating | Row number: 713
2026-08-04 19:41:06,354 INFO [TRANSFORM] Validating | Row number: 714
2026-08-04 19:41:06,354 INFO [TRANSFORM] Validating | Row number: 715
2026-08-04 19:41:06,354 INFO [TRANSFORM] Validating | Row number: 716
2026-08-04 19:41:06,354 INFO [TRANSFORM] Validating | Row number: 717
2026-08-04 19:41:06,354 INFO [TRANSFORM] Validating | Row number: 718
2026-08-04 19:41:06,354 INFO [TRANSFORM] Validating | Row number: 719
2026-08-04 19:41:06,355 INFO [TRANSFORM] Validating | Row number: 720
2026-08-04 19:41:06,355 WARNING [TRANSFORM] [DATA ERROR] Out of range fields: ['on_hand_qty']
2026-08-04 19:41:06,355 INFO [TRANSFORM] Validating | Row number: 721
2026-08-04 19:41:06,355 INFO [TRANSFORM] Validating | Row number: 722
2026-08-04 19:41:06,355 INFO [TRANSFORM] Validating | Row number: 723
2026-08-04 19:41:06,355 INFO [TRANSFORM] Validating | Row number: 724
2026-08-04 19:41:06,355 INFO [TRANSFORM] Validating | Row number: 725
2026-08-04 19:41:06,355 WARNING [TRANSFORM] [DATA ERROR] FK violating fields: ['product_id']
2026-08-04 19:41:06,355 INFO [TRANSFORM] Validating | Row number: 726
2026-08-04 19:41:06,355 INFO [TRANSFORM] Validating | Row number: 727
2026-08-04 19:41:06,355 INFO [TRANSFORM] Validating | Row number: 728
2026-08-04 19:41:06,355 INFO [TRANSFORM] Validating | Row number: 729
2026-08-04 19:41:06,355 INFO [TRANSFORM] Validating | Row number: 730
2026-08-04 19:41:06,355 INFO [TRANSFORM] Validating | Row number: 731
2026-08-04 19:41:06,355 INFO [TRANSFORM] Validating | Row number: 732
2026-08-04 19:41:06,355 INFO [TRANSFORM] Validating | Row number: 733
2026-08-04 19:41:06,356 INFO [TRANSFORM] Validating | Row number: 734
2026-08-04 19:41:06,356 INFO [TRANSFORM] Validating | Row number: 735
2026-08-04 19:41:06,356 INFO [TRANSFORM] Validating | Row number: 736
2026-08-04 19:41:06,356 INFO [TRANSFORM] Validating | Row number: 737
2026-08-04 19:41:06,356 INFO [TRANSFORM] Validating | Row number: 738
2026-08-04 19:41:06,356 INFO [TRANSFORM] Validating | Row number: 739
2026-08-04 19:41:06,356 INFO [TRANSFORM] Validating | Row number: 740
2026-08-04 19:41:06,356 INFO [TRANSFORM] Validating | Row number: 741
2026-08-04 19:41:06,356 INFO [TRANSFORM] Validating | Row number: 742
2026-08-04 19:41:06,356 INFO [TRANSFORM] Validating | Row number: 743
2026-08-04 19:41:06,356 INFO [TRANSFORM] Validating | Row number: 744
2026-08-04 19:41:06,357 WARNING [TRANSFORM] [DATA ERROR] Bad type fields: ['on_hand_qty']
2026-08-04 19:41:06,357 INFO [TRANSFORM] Validating | Row number: 745
2026-08-04 19:41:06,357 INFO [TRANSFORM] Validating | Row number: 746
2026-08-04 19:41:06,357 WARNING [TRANSFORM] [DATA ERROR] Missing required fields: ['snapshot_date']
2026-08-04 19:41:06,357 INFO [TRANSFORM] Validating | Row number: 747
2026-08-04 19:41:06,357 INFO [TRANSFORM] Validating | Row number: 748
2026-08-04 19:41:06,357 INFO [TRANSFORM] Validating | Row number: 749
2026-08-04 19:41:06,357 INFO [TRANSFORM] Validating | Row number: 750
2026-08-04 19:41:06,357 INFO [TRANSFORM] Validating | Row number: 751
2026-08-04 19:41:06,357 INFO [TRANSFORM] Validating | Row number: 752
2026-08-04 19:41:06,358 INFO [TRANSFORM] Validating | Row number: 753
2026-08-04 19:41:06,358 INFO [TRANSFORM] Validating | Row number: 754
2026-08-04 19:41:06,358 INFO [TRANSFORM] Validating | Row number: 755
2026-08-04 19:41:06,358 WARNING [TRANSFORM] [DATA ERROR] FK violating fields: ['product_id']
2026-08-04 19:41:06,358 INFO [TRANSFORM] Validating | Row number: 756
2026-08-04 19:41:06,358 INFO [TRANSFORM] Validating | Row number: 757
2026-08-04 19:41:06,358 INFO [TRANSFORM] Validating | Row number: 758
2026-08-04 19:41:06,358 INFO [TRANSFORM] Validating | Row number: 759
2026-08-04 19:41:06,358 INFO [TRANSFORM] Validating | Row number: 760
2026-08-04 19:41:06,358 INFO [TRANSFORM] Validating | Row number: 761
2026-08-04 19:41:06,358 INFO [TRANSFORM] Validating | Row number: 762
2026-08-04 19:41:06,359 INFO [TRANSFORM] Validating | Row number: 763
2026-08-04 19:41:06,359 INFO [TRANSFORM] Validating | Row number: 764
2026-08-04 19:41:06,359 INFO [TRANSFORM] Validating | Row number: 765
2026-08-04 19:41:06,359 WARNING [TRANSFORM] [DATA ERROR] Out of range fields: ['on_order_qty']
2026-08-04 19:41:06,359 INFO [TRANSFORM] Validating | Row number: 766
2026-08-04 19:41:06,359 INFO [TRANSFORM] Validating | Row number: 767
2026-08-04 19:41:06,359 INFO [TRANSFORM] Validating | Row number: 768
2026-08-04 19:41:06,359 INFO [TRANSFORM] Validating | Row number: 769
2026-08-04 19:41:06,359 INFO [TRANSFORM] Validating | Row number: 770
2026-08-04 19:41:06,359 INFO [TRANSFORM] Validating | Row number: 771
2026-08-04 19:41:06,359 INFO [TRANSFORM] Validating | Row number: 772
2026-08-04 19:41:06,359 INFO [TRANSFORM] Validating | Row number: 773
2026-08-04 19:41:06,359 WARNING [TRANSFORM] [DATA ERROR] FK violating fields: ['product_id']
2026-08-04 19:41:06,359 INFO [TRANSFORM] Validating | Row number: 774
2026-08-04 19:41:06,359 INFO [TRANSFORM] Validating | Row number: 775
2026-08-04 19:41:06,360 INFO [TRANSFORM] Validating | Row number: 776
2026-08-04 19:41:06,360 INFO [TRANSFORM] Validating | Row number: 777
2026-08-04 19:41:06,360 INFO [TRANSFORM] Validating | Row number: 778
2026-08-04 19:41:06,360 INFO [TRANSFORM] Validating | Row number: 779
2026-08-04 19:41:06,360 INFO [TRANSFORM] Validating | Row number: 780
2026-08-04 19:41:06,360 WARNING [TRANSFORM] [DATA ERROR] FK violating fields: ['product_id']
2026-08-04 19:41:06,360 INFO [TRANSFORM] Validating | Row number: 781
2026-08-04 19:41:06,360 INFO [TRANSFORM] Validating | Row number: 782
2026-08-04 19:41:06,360 WARNING [TRANSFORM] [DATA ERROR] FK violating fields: ['dealer_id']
2026-08-04 19:41:06,360 INFO [TRANSFORM] Validating | Row number: 783
2026-08-04 19:41:06,360 INFO [TRANSFORM] Validating | Row number: 784
2026-08-04 19:41:06,360 INFO [TRANSFORM] Validating | Row number: 785
2026-08-04 19:41:06,360 INFO [TRANSFORM] Validating | Row number: 786
2026-08-04 19:41:06,360 INFO [TRANSFORM] Validating | Row number: 787
2026-08-04 19:41:06,360 INFO [TRANSFORM] Validating | Row number: 788
2026-08-04 19:41:06,360 INFO [TRANSFORM] Validating | Row number: 789
2026-08-04 19:41:06,361 INFO [TRANSFORM] Validating | Row number: 790
2026-08-04 19:41:06,361 INFO [TRANSFORM] Validating | Row number: 791
2026-08-04 19:41:06,361 INFO [TRANSFORM] Validating | Row number: 792
2026-08-04 19:41:06,361 INFO [TRANSFORM] Validating | Row number: 793
2026-08-04 19:41:06,361 INFO [TRANSFORM] Validating | Row number: 794
2026-08-04 19:41:06,361 INFO [TRANSFORM] Validating | Row number: 795
2026-08-04 19:41:06,361 INFO [TRANSFORM] Validating | Row number: 796
2026-08-04 19:41:06,361 WARNING [TRANSFORM] [DATA ERROR] Out of range fields: ['on_hand_qty']
2026-08-04 19:41:06,361 INFO [TRANSFORM] Validating | Row number: 797
2026-08-04 19:41:06,361 INFO [TRANSFORM] Validating | Row number: 798
2026-08-04 19:41:06,361 INFO [TRANSFORM] Validating | Row number: 799
2026-08-04 19:41:06,361 INFO [TRANSFORM] Validating | Row number: 800
2026-08-04 19:41:06,361 INFO [TRANSFORM] Validating | Row number: 801
2026-08-04 19:41:06,361 INFO [TRANSFORM] Validating | Row number: 802
2026-08-04 19:41:06,362 INFO [TRANSFORM] Validating | Row number: 803
2026-08-04 19:41:06,362 INFO [TRANSFORM] Validating | Row number: 804
2026-08-04 19:41:06,362 INFO [TRANSFORM] Validating | Row number: 805
2026-08-04 19:41:06,362 INFO [TRANSFORM] Validating | Row number: 806
2026-08-04 19:41:06,362 INFO [TRANSFORM] Validating | Row number: 807
2026-08-04 19:41:06,362 INFO [TRANSFORM] Validating | Row number: 808
2026-08-04 19:41:06,362 INFO [TRANSFORM] Validating | Row number: 809
2026-08-04 19:41:06,362 WARNING [TRANSFORM] [DATA ERROR] Out of range fields: ['on_order_qty']
2026-08-04 19:41:06,362 INFO [TRANSFORM] Validating | Row number: 810
2026-08-04 19:41:06,362 INFO [TRANSFORM] Validating | Row number: 811
2026-08-04 19:41:06,362 INFO [TRANSFORM] Validating | Row number: 812
2026-08-04 19:41:06,362 INFO [TRANSFORM] Validating | Row number: 813
2026-08-04 19:41:06,362 WARNING [TRANSFORM] [DATA ERROR] Bad type fields: ['snapshot_date']
2026-08-04 19:41:06,362 INFO [TRANSFORM] Validating | Row number: 814
2026-08-04 19:41:06,362 INFO [TRANSFORM] Validating | Row number: 815
2026-08-04 19:41:06,362 INFO [TRANSFORM] Validating | Row number: 816
2026-08-04 19:41:06,363 WARNING [TRANSFORM] [DATA ERROR] Out of range fields: ['on_hand_qty']
2026-08-04 19:41:06,363 INFO [TRANSFORM] Validating | Row number: 817
2026-08-04 19:41:06,363 INFO [TRANSFORM] Validating | Row number: 818
2026-08-04 19:41:06,363 INFO [TRANSFORM] Validating | Row number: 819
2026-08-04 19:41:06,363 INFO [TRANSFORM] Validating | Row number: 820
2026-08-04 19:41:06,363 INFO [TRANSFORM] Validating | Row number: 821
2026-08-04 19:41:06,363 INFO [TRANSFORM] Validating | Row number: 822
2026-08-04 19:41:06,363 INFO [TRANSFORM] Validating | Row number: 823
2026-08-04 19:41:06,363 INFO [TRANSFORM] Validating | Row number: 824
2026-08-04 19:41:06,363 INFO [TRANSFORM] Validating | Row number: 825
2026-08-04 19:41:06,363 INFO [TRANSFORM] Validating | Row number: 826
2026-08-04 19:41:06,363 INFO [TRANSFORM] Validating | Row number: 827
2026-08-04 19:41:06,363 INFO [TRANSFORM] Validating | Row number: 828
2026-08-04 19:41:06,363 INFO [TRANSFORM] Validating | Row number: 829
2026-08-04 19:41:06,364 INFO [TRANSFORM] Validating | Row number: 830
2026-08-04 19:41:06,364 INFO [TRANSFORM] Validating | Row number: 831
2026-08-04 19:41:06,364 INFO [TRANSFORM] Validating | Row number: 832
2026-08-04 19:41:06,364 INFO [TRANSFORM] Validating | Row number: 833
2026-08-04 19:41:06,364 INFO [TRANSFORM] Validating | Row number: 834
2026-08-04 19:41:06,364 INFO [TRANSFORM] Validating | Row number: 835
2026-08-04 19:41:06,364 INFO [TRANSFORM] Validating | Row number: 836
2026-08-04 19:41:06,364 INFO [TRANSFORM] Validating | Row number: 837
2026-08-04 19:41:06,364 INFO [TRANSFORM] Validating | Row number: 838
2026-08-04 19:41:06,364 INFO [TRANSFORM] Validating | Row number: 839
2026-08-04 19:41:06,364 INFO [TRANSFORM] Validating | Row number: 840
2026-08-04 19:41:06,364 INFO [TRANSFORM] Validating | Row number: 841
2026-08-04 19:41:06,365 INFO [TRANSFORM] Validating | Row number: 842
2026-08-04 19:41:06,365 INFO [TRANSFORM] Validating | Row number: 843
2026-08-04 19:41:06,365 INFO [TRANSFORM] Validating | Row number: 844
2026-08-04 19:41:06,365 INFO [TRANSFORM] Validating | Row number: 845
2026-08-04 19:41:06,365 INFO [TRANSFORM] Validating | Row number: 846
2026-08-04 19:41:06,365 INFO [TRANSFORM] Validating | Row number: 847
2026-08-04 19:41:06,365 WARNING [TRANSFORM] [DATA ERROR] Out of range fields: ['on_order_qty']
2026-08-04 19:41:06,365 INFO [TRANSFORM] Validating | Row number: 848
2026-08-04 19:41:06,365 INFO [TRANSFORM] Validating | Row number: 849
2026-08-04 19:41:06,365 WARNING [TRANSFORM] [DATA ERROR] Missing required fields: ['snapshot_date']
2026-08-04 19:41:06,365 INFO [TRANSFORM] Validating | Row number: 850
2026-08-04 19:41:06,365 INFO [TRANSFORM] Validating | Row number: 851
2026-08-04 19:41:06,365 INFO [TRANSFORM] Validating | Row number: 852
2026-08-04 19:41:06,366 INFO [TRANSFORM] Validating | Row number: 853
2026-08-04 19:41:06,366 INFO [TRANSFORM] Validating | Row number: 854
2026-08-04 19:41:06,366 INFO [TRANSFORM] Validating | Row number: 855
2026-08-04 19:41:06,366 INFO [TRANSFORM] Validating | Row number: 856
2026-08-04 19:41:06,366 INFO [TRANSFORM] Validating | Row number: 857
2026-08-04 19:41:06,366 WARNING [TRANSFORM] [DATA ERROR] Out of range fields: ['on_order_qty']
2026-08-04 19:41:06,366 INFO [TRANSFORM] Validating | Row number: 858
2026-08-04 19:41:06,366 INFO [TRANSFORM] Validating | Row number: 859
2026-08-04 19:41:06,367 INFO [TRANSFORM] Validating | Row number: 860
2026-08-04 19:41:06,367 INFO [TRANSFORM] Validating | Row number: 861
2026-08-04 19:41:06,367 INFO [TRANSFORM] Validating | Row number: 862
2026-08-04 19:41:06,367 INFO [TRANSFORM] Validating | Row number: 863
2026-08-04 19:41:06,367 WARNING [TRANSFORM] [DATA ERROR] FK violating fields: ['product_id']
2026-08-04 19:41:06,367 INFO [TRANSFORM] Validating | Row number: 864
2026-08-04 19:41:06,367 INFO [TRANSFORM] Validating | Row number: 865
2026-08-04 19:41:06,367 INFO [TRANSFORM] Validating | Row number: 866
2026-08-04 19:41:06,367 INFO [TRANSFORM] Validating | Row number: 867
2026-08-04 19:41:06,367 INFO [TRANSFORM] Validating | Row number: 868
2026-08-04 19:41:06,367 WARNING [TRANSFORM] [DATA ERROR] Missing required fields: ['snapshot_date']
2026-08-04 19:41:06,368 INFO [TRANSFORM] Validating | Row number: 869
2026-08-04 19:41:06,368 INFO [TRANSFORM] Validating | Row number: 870
2026-08-04 19:41:06,368 INFO [TRANSFORM] Validating | Row number: 871
2026-08-04 19:41:06,368 INFO [TRANSFORM] Validating | Row number: 872
2026-08-04 19:41:06,368 WARNING [TRANSFORM] [DATA ERROR] Missing required fields: ['snapshot_date']
2026-08-04 19:41:06,368 INFO [TRANSFORM] Validating | Row number: 873
2026-08-04 19:41:06,368 INFO [TRANSFORM] Validating | Row number: 874
2026-08-04 19:41:06,368 INFO [TRANSFORM] Validating | Row number: 875
2026-08-04 19:41:06,368 INFO [TRANSFORM] Validating | Row number: 876
2026-08-04 19:41:06,369 INFO [TRANSFORM] Validating | Row number: 877
2026-08-04 19:41:06,369 INFO [TRANSFORM] Validating | Row number: 878
2026-08-04 19:41:06,369 INFO [TRANSFORM] Validating | Row number: 879
2026-08-04 19:41:06,369 WARNING [TRANSFORM] [DATA ERROR] FK violating fields: ['product_id']
2026-08-04 19:41:06,369 INFO [TRANSFORM] Validating | Row number: 880
2026-08-04 19:41:06,369 INFO [TRANSFORM] Validating | Row number: 881
2026-08-04 19:41:06,369 INFO [TRANSFORM] Validating | Row number: 882
2026-08-04 19:41:06,369 INFO [TRANSFORM] Validating | Row number: 883
2026-08-04 19:41:06,369 INFO [TRANSFORM] Validating | Row number: 884
2026-08-04 19:41:06,369 INFO [TRANSFORM] Validating | Row number: 885
2026-08-04 19:41:06,370 INFO [TRANSFORM] Validating | Row number: 886
2026-08-04 19:41:06,370 INFO [TRANSFORM] Validating | Row number: 887
2026-08-04 19:41:06,370 INFO [TRANSFORM] Validating | Row number: 888
2026-08-04 19:41:06,370 INFO [TRANSFORM] Validating | Row number: 889
2026-08-04 19:41:06,370 INFO [TRANSFORM] Validating | Row number: 890
2026-08-04 19:41:06,370 INFO [TRANSFORM] Validating | Row number: 891
2026-08-04 19:41:06,370 INFO [TRANSFORM] Validating | Row number: 892
2026-08-04 19:41:06,370 WARNING [TRANSFORM] [DATA ERROR] Out of range fields: ['on_order_qty']
2026-08-04 19:41:06,370 INFO [TRANSFORM] Validating | Row number: 893
2026-08-04 19:41:06,370 INFO [TRANSFORM] Validating | Row number: 894
2026-08-04 19:41:06,370 INFO [TRANSFORM] Validating | Row number: 895
2026-08-04 19:41:06,370 INFO [TRANSFORM] Validating | Row number: 896
2026-08-04 19:41:06,370 INFO [TRANSFORM] Validating | Row number: 897
2026-08-04 19:41:06,370 INFO [TRANSFORM] Validating | Row number: 898
2026-08-04 19:41:06,370 INFO [TRANSFORM] Validating | Row number: 899
2026-08-04 19:41:06,371 INFO [TRANSFORM] Validating | Row number: 900
2026-08-04 19:41:06,371 INFO [TRANSFORM] Validation Complete | Total rows = 900 | Valid rows = 819 | Invalid rows = 81
2026-08-04 19:41:06,371 INFO [LOAD] Saving valid_inventory to local
2026-08-04 19:41:06,381 INFO [LOAD] Saved at /home/name04/Desktop/Anjaneya/02_Bootcamp/04_Python/Bootcamp_Python/05_ETL_Pipeline/Data/Processed/Clean/inventory.cv
2026-08-04 19:41:06,381 INFO [LOAD] Saving invalid_inventory to local
2026-08-04 19:41:06,382 INFO [LOAD] Saved at /home/name04/Desktop/Anjaneya/02_Bootcamp/04_Python/Bootcamp_Python/05_ETL_Pipeline/Data/Processed/Reject/inventory.cv
2026-08-04 19:41:06,383 INFO [LOAD] Saving validation summary for inventory
2026-08-04 19:41:06,383 INFO [LOAD] Saved to /home/name04/Desktop/Anjaneya/02_Bootcamp/04_Python/Bootcamp_Python/05_ETL_Pipeline/Data/Meta/inventory_validation_summary.json
2026-08-04 19:41:06,383 INFO [LOAD] Loading valid_inventory to database
2026-08-04 19:41:06,386 INFO [LOAD] Connecting to database
2026-08-04 19:41:06,402 INFO [LOAD] Connection successful
2026-08-04 19:41:06,402 INFO [LOAD] Batch 1.0 transaction begin
2026-08-04 19:41:06,629 INFO [LOAD] Transaction successful | Inserted 200 row(s)
2026-08-04 19:41:06,629 INFO [LOAD] Batch 2.0 transaction begin
2026-08-04 19:41:06,820 INFO [LOAD] Transaction successful | Inserted 200 row(s)
2026-08-04 19:41:06,820 INFO [LOAD] Batch 3.0 transaction begin
2026-08-04 19:41:07,021 INFO [LOAD] Transaction successful | Inserted 200 row(s)
2026-08-04 19:41:07,021 INFO [LOAD] Batch 4.0 transaction begin
2026-08-04 19:41:07,101 INFO [LOAD] Transaction successful | Inserted 200 row(s)
2026-08-04 19:41:07,101 INFO [LOAD] Batch 5.0 transaction begin
2026-08-04 19:41:07,121 INFO [LOAD] Transaction successful | Inserted 19 row(s)
2026-08-04 19:41:07,122 INFO [LOAD] Recording etl metadata | inventory.cv
2026-08-04 19:41:07,122 INFO [LOAD] Connecting to database
2026-08-04 19:41:07,142 INFO [LOAD] Connection successful
2026-08-04 19:41:07,151 INFO [LOAD] Record successful
2026-08-04 19:41:07,151 INFO [MAIN] [TIMER] Inventory ETL execution time summary |
                  Ingest Duration = 0.46 s
                  Transform Duration = 0.08 s
                  Load Duration = 0.78 s
